uuid,level,id,name,parent,children,include,pnzRegional,path,how,wardMap,pnz,pnzMayor,enrolBy,starting,ending,contact
294dfd71-2084-43aa-9ecd-e5d557de772f,district,zzzzzzzzzzzzzzzzzzzp,Waitaki,361dcb51-b9d3-49db-b6c5-467c4559f088,,true,environment-canterbury-south-canterbury-otuhituhi-constituency,regions/zzzzzzzzzzzzzzzzzzzw/districts/zzzzzzzzzzzzzzzzzzzp,,,,,,,,
b75e8b1b-ab35-4fae-8fc2-bdf13fb9c65d,district,zzzzzzzzzzzzzzzzzzzq,Waimate,361dcb51-b9d3-49db-b6c5-467c4559f088,,true,environment-canterbury-south-canterbury-otuhituhi-constituency,regions/zzzzzzzzzzzzzzzzzzzw/districts/zzzzzzzzzzzzzzzzzzzq,,,,,,,,
ebb9f057-7f84-4213-afbe-4e6e86a58241,ward,zzzzzzzzzzzzzzzzzzzx,Rangiora-Ashley Ward,d8050d7f-896e-43d6-a74c-b69996f437f1,,true,,regions/zzzzzzzzzzzzzzzzzzzw/districts/zzzzzzzzzzzzzzzzzzzr/wards/zzzzzzzzzzzzzzzzzzzx,,,,,,,,
9864dded-dc55-4207-9288-1efe19bce23a,ward,zzzzzzzzzzzzzzzzzzzy,Kaiapoi-Woodend Ward,d8050d7f-896e-43d6-a74c-b69996f437f1,,true,,regions/zzzzzzzzzzzzzzzzzzzw/districts/zzzzzzzzzzzzzzzzzzzr/wards/zzzzzzzzzzzzzzzzzzzy,,,,,,,,
d8050d7f-896e-43d6-a74c-b69996f437f1,district,zzzzzzzzzzzzzzzzzzzr,Waimakariri,361dcb51-b9d3-49db-b6c5-467c4559f088,260bdb25-f785-4e42-adbe-d93a4ae24da2|9bc53012-3665-4c94-bd78-0f04b3f2c136,true,environment-canterbury-north-canterbury-opukepuke-constituency,regions/zzzzzzzzzzzzzzzzzzzw/districts/zzzzzzzzzzzzzzzzzzzr,FPP,https://waimakariri.maps.arcgis.com/apps/webappviewer/index.html?id=5dad72ee172042e38a7cf3d5c10463a7,,,,,,
b097745f-761e-4c50-ab9c-59bf215281f4,district,zzzzzzzzzzzzzzzzzzzs,Timaru,361dcb51-b9d3-49db-b6c5-467c4559f088,,true,environment-canterbury-south-canterbury-otuhituhi-constituency,regions/zzzzzzzzzzzzzzzzzzzw/districts/zzzzzzzzzzzzzzzzzzzs,,,,,,,,
779e8c27-00c4-429e-bc6d-2bc6d3e6acda,ward,zzzzzzzzzzzzzzzzzzzy,Rolleston Ward,f3543032-f2e6-4ea9-9d37-8c354724362a,,true,,regions/zzzzzzzzzzzzzzzzzzzw/districts/zzzzzzzzzzzzzzzzzzzt/wards/zzzzzzzzzzzzzzzzzzzy,,,selwyn-district-council-rolleston-ward,,,,,
f3543032-f2e6-4ea9-9d37-8c354724362a,district,zzzzzzzzzzzzzzzzzzzt,Selwyn,361dcb51-b9d3-49db-b6c5-467c4559f088,4214116d-2930-4728-8827-c1dcfdb94a30,true,environment-canterbury-mid-canterbury-opakihi-constituency,regions/zzzzzzzzzzzzzzzzzzzw/districts/zzzzzzzzzzzzzzzzzzzt,FPP,https://www.selwyn.govt.nz/your-council/elections/selwyn-wards-maps-and-boundaries,,,,,,
8b2b1b9f-3687-4640-9622-7bf0a737218e,district,zzzzzzzzzzzzzzzzzzzu,Mackenzie,361dcb51-b9d3-49db-b6c5-467c4559f088,,true,environment-canterbury-south-canterbury-otuhituhi-constituency,regions/zzzzzzzzzzzzzzzzzzzw/districts/zzzzzzzzzzzzzzzzzzzu,,,,,,,,
2cf301af-0f15-4d1e-ab1c-584833fc8877,district,zzzzzzzzzzzzzzzzzzzv,Kaikoura,361dcb51-b9d3-49db-b6c5-467c4559f088,,true,environment-canterbury-north-canterbury-opukepuke-constituency,regions/zzzzzzzzzzzzzzzzzzzw/districts/zzzzzzzzzzzzzzzzzzzv,,,,,,,,
e5a485d2-d9bf-4231-a2db-79a68d1850e7,district,zzzzzzzzzzzzzzzzzzzw,Hurunui,361dcb51-b9d3-49db-b6c5-467c4559f088,,true,environment-canterbury-north-canterbury-opukepuke-constituency,regions/zzzzzzzzzzzzzzzzzzzw/districts/zzzzzzzzzzzzzzzzzzzw,,,,,,,,
6463b124-a8a0-49b1-a398-898e852a3c91,ward,IxSxuB4yKBAIK06fieCk,Banks Peninsula Ward,db413a4a-64ea-4e80-a425-e9238349604d,,true,,regions/zzzzzzzzzzzzzzzzzzzw/districts/zzzzzzzzzzzzzzzzzzzx/wards/IxSxuB4yKBAIK06fieCk,,,christchurch-city-council-banks-peninsula-ward,,,,,
b250393b-c5b9-4df3-b29d-f4e7fb5696a7,ward,zzzzzzzzzzzzzzzzzzzk,Burwood Ward,db413a4a-64ea-4e80-a425-e9238349604d,,true,,regions/zzzzzzzzzzzzzzzzzzzw/districts/zzzzzzzzzzzzzzzzzzzx/wards/zzzzzzzzzzzzzzzzzzzk,,,christchurch-city-council-burwood-ward,,,,,
2862ee35-5c6e-4159-8f37-fc473721939b,ward,zzzzzzzzzzzzzzzzzzzl,Waimairi Ward,db413a4a-64ea-4e80-a425-e9238349604d,,true,,regions/zzzzzzzzzzzzzzzzzzzw/districts/zzzzzzzzzzzzzzzzzzzx/wards/zzzzzzzzzzzzzzzzzzzl,,,christchurch-city-council-waimairi-ward,,,,,
b48b1524-cb85-4587-9d2d-b919e0c405e2,ward,zzzzzzzzzzzzzzzzzzzm,Spreydon Ward,db413a4a-64ea-4e80-a425-e9238349604d,,true,,regions/zzzzzzzzzzzzzzzzzzzw/districts/zzzzzzzzzzzzzzzzzzzx/wards/zzzzzzzzzzzzzzzzzzzm,,,christchurch-city-council-spreydon-ward,,,,,
2d313d1e-da06-4404-be94-834f66dea3bb,ward,zzzzzzzzzzzzzzzzzzzn,Riccarton Ward,db413a4a-64ea-4e80-a425-e9238349604d,,true,,regions/zzzzzzzzzzzzzzzzzzzw/districts/zzzzzzzzzzzzzzzzzzzx/wards/zzzzzzzzzzzzzzzzzzzn,,,christchurch-city-council-riccarton-ward,,,,,
5700cda4-26a3-4c17-8bed-704f8a48ecdd,ward,zzzzzzzzzzzzzzzzzzzo,Papanui Ward,db413a4a-64ea-4e80-a425-e9238349604d,,true,,regions/zzzzzzzzzzzzzzzzzzzw/districts/zzzzzzzzzzzzzzzzzzzx/wards/zzzzzzzzzzzzzzzzzzzo,,,christchurch-city-council-papanui-ward,,,,,
942503e4-07a2-47bd-a7f4-bf2ac8f561ec,ward,zzzzzzzzzzzzzzzzzzzp,Linwood Ward,db413a4a-64ea-4e80-a425-e9238349604d,,true,,regions/zzzzzzzzzzzzzzzzzzzw/districts/zzzzzzzzzzzzzzzzzzzx/wards/zzzzzzzzzzzzzzzzzzzp,,,christchurch-city-council-linwood-ward,,,,,
22c178d0-bc47-42f6-a8c5-b3d03de2d84c,ward,zzzzzzzzzzzzzzzzzzzq,Innes Ward,db413a4a-64ea-4e80-a425-e9238349604d,,true,,regions/zzzzzzzzzzzzzzzzzzzw/districts/zzzzzzzzzzzzzzzzzzzx/wards/zzzzzzzzzzzzzzzzzzzq,,,christchurch-city-council-innes-ward,,,,,
37264641-8135-4b75-82bb-523d9fb7f9d0,ward,zzzzzzzzzzzzzzzzzzzr,Hornby Ward,db413a4a-64ea-4e80-a425-e9238349604d,,true,,regions/zzzzzzzzzzzzzzzzzzzw/districts/zzzzzzzzzzzzzzzzzzzx/wards/zzzzzzzzzzzzzzzzzzzr,,,christchurch-city-council-hornby-ward,,,,,
b5dd8c1f-c069-4760-9e99-7b0fc49230bc,ward,zzzzzzzzzzzzzzzzzzzs,Heathcote Ward,db413a4a-64ea-4e80-a425-e9238349604d,,true,,regions/zzzzzzzzzzzzzzzzzzzw/districts/zzzzzzzzzzzzzzzzzzzx/wards/zzzzzzzzzzzzzzzzzzzs,,,christchurch-city-council-heathcote-ward,,,,,
f0f37e8e-685d-4cac-b8cc-6e600587274c,ward,zzzzzzzzzzzzzzzzzzzt,Harewood Ward,db413a4a-64ea-4e80-a425-e9238349604d,,true,,regions/zzzzzzzzzzzzzzzzzzzw/districts/zzzzzzzzzzzzzzzzzzzx/wards/zzzzzzzzzzzzzzzzzzzt,,,christchurch-city-council-harewood-ward,,,,,
0e3b6cd2-9d9a-4b0d-8f14-d845599e62c3,ward,zzzzzzzzzzzzzzzzzzzu,Halswell Ward,db413a4a-64ea-4e80-a425-e9238349604d,,true,,regions/zzzzzzzzzzzzzzzzzzzw/districts/zzzzzzzzzzzzzzzzzzzx/wards/zzzzzzzzzzzzzzzzzzzu,,,christchurch-city-council-halswell-ward,,,,,
6728c0df-6f98-4985-9290-b255bbbbd7fa,ward,zzzzzzzzzzzzzzzzzzzv,Fendalton Ward,db413a4a-64ea-4e80-a425-e9238349604d,,true,,regions/zzzzzzzzzzzzzzzzzzzw/districts/zzzzzzzzzzzzzzzzzzzx/wards/zzzzzzzzzzzzzzzzzzzv,,,christchurch-city-council-fendalton-ward,,,,,
0765545c-a64b-402e-8011-cb5cd24a1f1f,ward,zzzzzzzzzzzzzzzzzzzw,Coastal Ward,db413a4a-64ea-4e80-a425-e9238349604d,,true,,regions/zzzzzzzzzzzzzzzzzzzw/districts/zzzzzzzzzzzzzzzzzzzx/wards/zzzzzzzzzzzzzzzzzzzw,,,christchurch-city-council-coastal-ward,,,,,
89fa8202-1c61-4d59-9858-6f73c30a324c,ward,zzzzzzzzzzzzzzzzzzzx,Central Ward,db413a4a-64ea-4e80-a425-e9238349604d,,true,,regions/zzzzzzzzzzzzzzzzzzzw/districts/zzzzzzzzzzzzzzzzzzzx/wards/zzzzzzzzzzzzzzzzzzzx,,,christchurch-city-council-central-ward,,,,,
708e863b-d259-4d63-8788-96433b40b0cc,ward,zzzzzzzzzzzzzzzzzzzy,Cashmere Ward,db413a4a-64ea-4e80-a425-e9238349604d,,true,,regions/zzzzzzzzzzzzzzzzzzzw/districts/zzzzzzzzzzzzzzzzzzzx/wards/zzzzzzzzzzzzzzzzzzzy,,,christchurch-city-council-cashmere-ward,,,,,
db413a4a-64ea-4e80-a425-e9238349604d,district,zzzzzzzzzzzzzzzzzzzx,Christchurch,361dcb51-b9d3-49db-b6c5-467c4559f088,823d9568-91b3-46ae-9c6d-0f01d8148514|16bf2df7-6295-4e1d-aa06-5f4ea1c9b9a4|4128934b-f272-4521-8803-087ba06449fa|76b37054-fd09-4988-a033-86dec7ed1cfe|19e6ff2e-7745-41ff-a5a3-ad88b098f635|ea4def94-3b7b-4246-9b97-5d0bed083cfc|17c96bb0-ee7d-4808-a892-b1a0ca87cf3a|e50f1537-fe51-4168-ab78-666723ac0fc2|8fb11296-e3fd-4ece-8c4a-5ef7f15f4903|f62fe415-ee07-4c10-a6d7-491f1d677265|ad14590e-1934-4f4a-b970-236d58b7d589|1dbd9ee8-084b-48ca-82aa-faf3dfe4f019|3345d6e9-b0b0-406d-ac60-96a0873c3422|82d3a13b-d8e9-48af-a805-a09fa888f9da|8eca128f-e53a-4d17-ac3c-f5ee8ebe3c73|b210bae7-ba45-4137-b7cd-c6244f9aef53,true,,regions/zzzzzzzzzzzzzzzzzzzw/districts/zzzzzzzzzzzzzzzzzzzx,FPP,https://ccc.govt.nz/the-council/how-the-council-works/council-elections/voting-areas/,,christchurch-city-council-mayoral,,,,
014551b6-fc6d-4d15-8122-f1260052a962,district,zzzzzzzzzzzzzzzzzzzy,Ashburton,361dcb51-b9d3-49db-b6c5-467c4559f088,,true,environment-canterbury-mid-canterbury-opakihi-constituency,regions/zzzzzzzzzzzzzzzzzzzw/districts/zzzzzzzzzzzzzzzzzzzy,,,,,,,,
361dcb51-b9d3-49db-b6c5-467c4559f088,region,zzzzzzzzzzzzzzzzzzzw,Canterbury,,db71d42e-6ee8-4055-9955-69ffae817fab|071e1180-3167-4ab4-bf01-0b1b9921a71e|25dd5bd7-d441-4707-b51a-8396e7e405c3|c4337a0b-3cfe-4100-a2d3-c95c2c46770f|b1d162e3-b9bf-4e23-b182-43f5e76c4017|6c2ab133-18c0-4b08-b50b-ba95eb882b97|ed7ff676-cfd3-45b2-a6f2-e05c495427f9|f9e9754f-a7c9-441a-8716-5f20b368a602|03314554-600d-45a6-aff3-8c5d58ef3018|fbb3a868-e108-416d-ad6e-8f9d1a9c2f73,true,,regions/zzzzzzzzzzzzzzzzzzzw,FPP,,,,[object Object],[object Object],[object Object],christchurch@generationzero.org.nz
78cc07dd-d0cc-482c-8ed2-db452f6b3b0d,district,zzzzzzzzzzzzzzzzzzzq,Tararua,676d61c9-608b-4b3f-9056-5e1b260944c0,,,,regions/zzzzzzzzzzzzzzzzzzzx/districts/zzzzzzzzzzzzzzzzzzzq,,,,,,,,
7785e514-949e-4e0f-bb1b-a805be9d6a6a,district,zzzzzzzzzzzzzzzzzzzr,South Wairarapa,676d61c9-608b-4b3f-9056-5e1b260944c0,,,,regions/zzzzzzzzzzzzzzzzzzzx/districts/zzzzzzzzzzzzzzzzzzzr,,,,,,,,
72fd570f-9c74-47cb-bdc5-4c893ec97293,district,zzzzzzzzzzzzzzzzzzzs,Masterton,676d61c9-608b-4b3f-9056-5e1b260944c0,,,,regions/zzzzzzzzzzzzzzzzzzzx/districts/zzzzzzzzzzzzzzzzzzzs,,,,,,,,
62826be4-30f8-463b-a64e-7b5c2693f043,ward,zzzzzzzzzzzzzzzzzzzu,Districtwide,b23f4bb8-cc5d-4fad-89dc-ec9e9954fb06,,true,,regions/zzzzzzzzzzzzzzzzzzzx/districts/zzzzzzzzzzzzzzzzzzzt/wards/zzzzzzzzzzzzzzzzzzzu,,,kapiti-coast-district-council-kapiti-coast-at-large-ward,,,,,
9f0c9a11-7a14-4e20-9e6b-65a76f5a79f1,ward,zzzzzzzzzzzzzzzzzzzv,Paekākāriki–Raumati,b23f4bb8-cc5d-4fad-89dc-ec9e9954fb06,,true,,regions/zzzzzzzzzzzzzzzzzzzx/districts/zzzzzzzzzzzzzzzzzzzt/wards/zzzzzzzzzzzzzzzzzzzv,,,kapiti-coast-district-council-paekakariki-raumati-ward,,,,,
519bb3ed-e47a-4934-b239-319ea8551fcd,ward,zzzzzzzzzzzzzzzzzzzw,Paraparaumu,b23f4bb8-cc5d-4fad-89dc-ec9e9954fb06,,true,,regions/zzzzzzzzzzzzzzzzzzzx/districts/zzzzzzzzzzzzzzzzzzzt/wards/zzzzzzzzzzzzzzzzzzzw,,,kapiti-coast-district-council-paraparaumu-ward,,,,,
10ce3cc0-9272-4bb0-ae58-c58a007c3961,ward,zzzzzzzzzzzzzzzzzzzx,Waikanae,b23f4bb8-cc5d-4fad-89dc-ec9e9954fb06,,true,,regions/zzzzzzzzzzzzzzzzzzzx/districts/zzzzzzzzzzzzzzzzzzzt/wards/zzzzzzzzzzzzzzzzzzzx,,,kapiti-coast-district-council-waikanae-ward,,,,,
04db950b-85c0-447b-842b-673abac94f23,ward,zzzzzzzzzzzzzzzzzzzy,Ōtaki,b23f4bb8-cc5d-4fad-89dc-ec9e9954fb06,,true,,regions/zzzzzzzzzzzzzzzzzzzx/districts/zzzzzzzzzzzzzzzzzzzt/wards/zzzzzzzzzzzzzzzzzzzy,,,kapiti-coast-district-council-otaki-ward,,,,,
b23f4bb8-cc5d-4fad-89dc-ec9e9954fb06,district,zzzzzzzzzzzzzzzzzzzt,Kāpiti Coast,676d61c9-608b-4b3f-9056-5e1b260944c0,5dee813e-2279-4798-a1e3-0f0c589bb7b9|f8eb19cc-8650-4a82-88b9-369bdeb5ef1e|b2580819-15b0-4f08-9a7f-736f0b56f722|6172b764-161f-4cfd-9b1a-388a7fbf4de2|57d23ec7-4fb6-4e26-a46b-51c026ca0f97,true,greater-wellington-regional-council-kapiti-coast-constituency,regions/zzzzzzzzzzzzzzzzzzzx/districts/zzzzzzzzzzzzzzzzzzzt,STV,https://www.kapiticoast.govt.nz/wards/,,kapiti-coast-district-council-mayoral,,,,
38b712df-840c-4678-b811-ad16b30854ce,district,zzzzzzzzzzzzzzzzzzzu,Carterton,676d61c9-608b-4b3f-9056-5e1b260944c0,,,,regions/zzzzzzzzzzzzzzzzzzzx/districts/zzzzzzzzzzzzzzzzzzzu,,,,,,,,
d70707bc-0bb6-45ed-a99d-b3575b20c0bc,ward,zzzzzzzzzzzzzzzzzzzs,Motukairangi/Eastern General Ward,5446d1ae-594f-44c2-8c53-ce4b7c39f62a,,true,,regions/zzzzzzzzzzzzzzzzzzzx/districts/zzzzzzzzzzzzzzzzzzzv/wards/zzzzzzzzzzzzzzzzzzzs,,,wellington-city-council-motukairangi-eastern-general-ward,,,,,
70ce60ed-d5ce-4a2f-8ae3-eee95af22ef6,ward,zzzzzzzzzzzzzzzzzzzu,Te Whanganui-a-Tara Māori Ward,5446d1ae-594f-44c2-8c53-ce4b7c39f62a,,true,,regions/zzzzzzzzzzzzzzzzzzzx/districts/zzzzzzzzzzzzzzzzzzzv/wards/zzzzzzzzzzzzzzzzzzzu,,,wellington-city-council-te-whanganui-a-tara-maori-ward,,,,,
eb82f530-c13d-48c9-ae8f-798738763fd8,ward,zzzzzzzzzzzzzzzzzzzv,Paekawakawa/Southern General Ward,5446d1ae-594f-44c2-8c53-ce4b7c39f62a,,true,,regions/zzzzzzzzzzzzzzzzzzzx/districts/zzzzzzzzzzzzzzzzzzzv/wards/zzzzzzzzzzzzzzzzzzzv,,,wellington-city-council-paekawakawa-southern-general-ward,,,,,
b71c7905-44c3-49d9-8581-3f55feef3d13,ward,zzzzzzzzzzzzzzzzzzzw,Wharangi/Onslow-Western General Ward,5446d1ae-594f-44c2-8c53-ce4b7c39f62a,,true,,regions/zzzzzzzzzzzzzzzzzzzx/districts/zzzzzzzzzzzzzzzzzzzv/wards/zzzzzzzzzzzzzzzzzzzw,,,wellington-city-council-wharangi-onslow-western-general-ward,,,,,
1bc9a5a7-2b55-42b8-bad3-6ed656e90628,ward,zzzzzzzzzzzzzzzzzzzx,Takapū/Northern General Ward,5446d1ae-594f-44c2-8c53-ce4b7c39f62a,,true,,regions/zzzzzzzzzzzzzzzzzzzx/districts/zzzzzzzzzzzzzzzzzzzv/wards/zzzzzzzzzzzzzzzzzzzx,,,wellington-city-council-takapu-northern-general-ward,,,,,
d34e93f1-a31f-4e17-8c95-29b7bdd161a6,ward,zzzzzzzzzzzzzzzzzzzy,Pukehīnau/Lambton General Ward,5446d1ae-594f-44c2-8c53-ce4b7c39f62a,,true,,regions/zzzzzzzzzzzzzzzzzzzx/districts/zzzzzzzzzzzzzzzzzzzv/wards/zzzzzzzzzzzzzzzzzzzy,,,wellington-city-council-pukehinau-lambton-general-ward,,,,,
5446d1ae-594f-44c2-8c53-ce4b7c39f62a,district,zzzzzzzzzzzzzzzzzzzv,Wellington Central,676d61c9-608b-4b3f-9056-5e1b260944c0,06d0fec1-9959-4bff-9209-d611811d9469|c723744d-efbd-4ec7-94b9-f376e7000374|64de15e5-1a0b-4317-9fea-77cb7de4918e|38cf9374-c5fb-4f94-8f7e-44ca6e163171|0ca42886-6591-44c2-9f20-8d54058c4672|041eefc2-3013-4f0c-882a-1e7b9bfe6630,true,greater-wellington-regional-council-poneke-wellington-constituency,regions/zzzzzzzzzzzzzzzzzzzx/districts/zzzzzzzzzzzzzzzzzzzv,STV,https://wellington.govt.nz/-/media/your-council/elections/2019/wards/all-wellington-wards.pdf,,wellington-city-council-mayoral,[object Object],[object Object],[object Object],
bfada4bc-bc7c-46ce-8b04-a5e4a09b6838,ward,zzzzzzzzzzzzzzzzzzzy,Upper Hutt City Council,cee00f64-d6a9-4ed0-9a2e-4138942293d7,,true,,regions/zzzzzzzzzzzzzzzzzzzx/districts/zzzzzzzzzzzzzzzzzzzw/wards/zzzzzzzzzzzzzzzzzzzy,,,upper-hutt-city-council,,,,,
cee00f64-d6a9-4ed0-9a2e-4138942293d7,district,zzzzzzzzzzzzzzzzzzzw,Upper Hutt,676d61c9-608b-4b3f-9056-5e1b260944c0,a668e0db-026c-45b1-9223-2e3f8782f96d,true,greater-wellington-regional-council-te-awa-kairangi-ki-uta-upper-hutt-constituency,regions/zzzzzzzzzzzzzzzzzzzx/districts/zzzzzzzzzzzzzzzzzzzw,FPP,,,upper-hutt-city-council-mayoral,,,,
4f8e61b9-dc2f-4dfc-a022-2bef3aa8e4d1,ward,zzzzzzzzzzzzzzzzzzzw,Parirua Māori Ward,6bb2554d-7a2f-4551-bfb7-68d0eae2f7bb,,,,regions/zzzzzzzzzzzzzzzzzzzx/districts/zzzzzzzzzzzzzzzzzzzx/wards/zzzzzzzzzzzzzzzzzzzw,,,,,,,,
b5496d93-ac1a-4622-84d8-e22865fa7b57,ward,zzzzzzzzzzzzzzzzzzzx,Pāuatahanui General Ward,6bb2554d-7a2f-4551-bfb7-68d0eae2f7bb,,true,,regions/zzzzzzzzzzzzzzzzzzzx/districts/zzzzzzzzzzzzzzzzzzzx/wards/zzzzzzzzzzzzzzzzzzzx,,,porirua-city-council-onepoto-general-ward,,,,,
0e86a5e2-24aa-44b1-b3b6-a6fa51064c92,ward,zzzzzzzzzzzzzzzzzzzy,Onepoto General Ward,6bb2554d-7a2f-4551-bfb7-68d0eae2f7bb,,true,,regions/zzzzzzzzzzzzzzzzzzzx/districts/zzzzzzzzzzzzzzzzzzzx/wards/zzzzzzzzzzzzzzzzzzzy,,,porirua-city-council-pauatahanui-general-ward,,,,,
6bb2554d-7a2f-4551-bfb7-68d0eae2f7bb,district,zzzzzzzzzzzzzzzzzzzx,Porirua,676d61c9-608b-4b3f-9056-5e1b260944c0,b3bd6416-56d6-4a97-8f17-a14fc5b31bce|36c3d380-6d77-4c47-a4a1-13a1c97f782b|2aec7f07-8e72-4f4b-a763-6e64047697b0,true,greater-wellington-regional-council-porirua-tawa-constituency,regions/zzzzzzzzzzzzzzzzzzzx/districts/zzzzzzzzzzzzzzzzzzzx,STV,https://poriruacity.govt.nz/your-council/mayor-councillors/elections/2022-local-government-elections/wards-maps-and-boundaries/,,porirua-city-council-mayoral,,,,
a22aa373-20b7-489a-b00e-fe1765bcbfda,ward,zzzzzzzzzzzzzzzzzzzs,City Wide,9c35dabb-d4e9-4700-8a9f-2f8c63961e8b,,true,,regions/zzzzzzzzzzzzzzzzzzzx/districts/zzzzzzzzzzzzzzzzzzzy/wards/zzzzzzzzzzzzzzzzzzzs,,,hutt-city-council-at-large,,,,,
ba335c82-3540-47f5-a401-b94cf4ee4721,ward,zzzzzzzzzzzzzzzzzzzt,Central Ward,9c35dabb-d4e9-4700-8a9f-2f8c63961e8b,,true,,regions/zzzzzzzzzzzzzzzzzzzx/districts/zzzzzzzzzzzzzzzzzzzy/wards/zzzzzzzzzzzzzzzzzzzt,,,hutt-city-council-central-ward,,,,,
a1c92184-3cf0-40bc-8f1b-fee1beb48caa,ward,zzzzzzzzzzzzzzzzzzzu,Eastern Ward,9c35dabb-d4e9-4700-8a9f-2f8c63961e8b,,true,,regions/zzzzzzzzzzzzzzzzzzzx/districts/zzzzzzzzzzzzzzzzzzzy/wards/zzzzzzzzzzzzzzzzzzzu,,,hutt-city-council-eastern-ward,,,,,
69b67823-e90f-4303-a483-7bf027808267,ward,zzzzzzzzzzzzzzzzzzzv,Harbour Ward,9c35dabb-d4e9-4700-8a9f-2f8c63961e8b,,true,,regions/zzzzzzzzzzzzzzzzzzzx/districts/zzzzzzzzzzzzzzzzzzzy/wards/zzzzzzzzzzzzzzzzzzzv,,,hutt-city-council-harbour-ward,,,,,
feebb48e-8a28-4ad3-9b73-4475550def83,ward,zzzzzzzzzzzzzzzzzzzw,Northern Ward,9c35dabb-d4e9-4700-8a9f-2f8c63961e8b,,true,,regions/zzzzzzzzzzzzzzzzzzzx/districts/zzzzzzzzzzzzzzzzzzzy/wards/zzzzzzzzzzzzzzzzzzzw,,,hutt-city-council-northern-ward,,,,,
f0126561-c745-4134-ba5b-2c9108ba8440,ward,zzzzzzzzzzzzzzzzzzzx,Wainuiomata Ward,9c35dabb-d4e9-4700-8a9f-2f8c63961e8b,,true,,regions/zzzzzzzzzzzzzzzzzzzx/districts/zzzzzzzzzzzzzzzzzzzy/wards/zzzzzzzzzzzzzzzzzzzx,,,hutt-city-council-wainuiomata-ward,,,,,
527ab2b0-dabc-4429-bc63-c4114c1b72f5,ward,zzzzzzzzzzzzzzzzzzzy,Western Ward,9c35dabb-d4e9-4700-8a9f-2f8c63961e8b,,true,,regions/zzzzzzzzzzzzzzzzzzzx/districts/zzzzzzzzzzzzzzzzzzzy/wards/zzzzzzzzzzzzzzzzzzzy,,,hutt-city-council-western-ward,,,,,
9c35dabb-d4e9-4700-8a9f-2f8c63961e8b,district,zzzzzzzzzzzzzzzzzzzy,Hutt City,676d61c9-608b-4b3f-9056-5e1b260944c0,4c40589e-cc4c-4215-a09e-8f83b41a49ce|f7132a0a-4545-4798-b0fd-8e8ebc201a6a|3d00498d-ce42-47c6-865f-5b5c3b685638|22f9ebdf-b808-4f1a-922a-7fdebf2ddce0|46e75b28-aaef-4631-b17a-557ccf379ec2|5592e024-34d1-47ad-aadd-dc6ec955c23f|f6f26f2f-e345-4c94-8247-441f5666ef84,true,greater-wellington-regional-council-te-awa-kairangi-ki-tai-lower-hutt-constituency,regions/zzzzzzzzzzzzzzzzzzzx/districts/zzzzzzzzzzzzzzzzzzzy,FPP,https://maps.huttcity.govt.nz/portal/apps/webappviewer/index.html?id=b57270f1aa9348e295ef775ad04537ff,,hutt-city-council-mayoral,,,,
676d61c9-608b-4b3f-9056-5e1b260944c0,region,zzzzzzzzzzzzzzzzzzzx,Wellington,,abd4e0e5-936a-410f-8d4e-e0d86d0b8571|deca9eec-2ad6-49ec-bbcc-550876d0f694|dce5b0fb-942d-4ea2-a984-fd2bc007c427|0135ac15-1536-443f-9410-1a29e110fa1e|c1fc6aa2-ecbe-4324-93da-a09cbe8bbeaa|77e99f50-8ae1-43ff-9aeb-6a653c85a49f|76decab0-eae5-46dd-aa83-486a0311aa70|7f22976c-2e5d-4bdf-9509-d1a19eeefd94|c0e664b1-5b57-475e-b38d-7a35f84c291f,true,,regions/zzzzzzzzzzzzzzzzzzzx,STV,https://wellington.govt.nz/-/media/your-council/elections/2019/wards/all-wellington-wards.pdf,,,[object Object],[object Object],[object Object],wellington@generationzero.org.nz
455f4396-31f7-44f4-87bf-a9b093f1390b,subdivision,zzzzzzzzzzzzzzzzzzzy,Whau,23b0b8b6-17fa-4cef-ba44-7758f9f256c5,,true,,regions/zzzzzzzzzzzzzzzzzzzy/districts/zzzzzzzzzzzzzzzzzzzy/wards/5LcejaRWTJoYW3rI9mgI/boards/zzzzzzzzzzzzzzzzzzzy/subdivisions/zzzzzzzzzzzzzzzzzzzy,,,whau-local-board,,,,,
23b0b8b6-17fa-4cef-ba44-7758f9f256c5,board,zzzzzzzzzzzzzzzzzzzy,Whau,9ddd9bb0-e1b9-406e-8420-f46acfbcbcda,b19a0c35-f835-46f0-9f59-4ca836548408,true,,regions/zzzzzzzzzzzzzzzzzzzy/districts/zzzzzzzzzzzzzzzzzzzy/wards/5LcejaRWTJoYW3rI9mgI/boards/zzzzzzzzzzzzzzzzzzzy,,,,,,,,
9ddd9bb0-e1b9-406e-8420-f46acfbcbcda,ward,5LcejaRWTJoYW3rI9mgI,Whau,fc33792e-b6f8-4525-a115-9fed6adbe91c,ddbb9abb-1521-444f-a87f-c5a312af9528,true,,regions/zzzzzzzzzzzzzzzzzzzy/districts/zzzzzzzzzzzzzzzzzzzy/wards/5LcejaRWTJoYW3rI9mgI,,,auckland-council-whau-ward,,,,,
8d998a6b-df5d-4394-9031-171c204856a2,subdivision,zzzzzzzzzzzzzzzzzzzy,Aotea Great Barrier,12ac9ece-23ec-460a-ad89-7b42def86fad,,true,,regions/zzzzzzzzzzzzzzzzzzzy/districts/zzzzzzzzzzzzzzzzzzzy/wards/5LcejaRWTJoYW3rI9mgJ/boards/zzzzzzzzzzzzzzzzzzzw/subdivisions/zzzzzzzzzzzzzzzzzzzy,,,aotea-great-barrier-local-board,,,,,
12ac9ece-23ec-460a-ad89-7b42def86fad,board,zzzzzzzzzzzzzzzzzzzw,Aotea Great Barrier,e4b2cea9-303b-4f89-9ae9-65f9c89a8a6a,2391b311-3970-4c91-868a-64d7eb582572,true,,regions/zzzzzzzzzzzzzzzzzzzy/districts/zzzzzzzzzzzzzzzzzzzy/wards/5LcejaRWTJoYW3rI9mgJ/boards/zzzzzzzzzzzzzzzzzzzw,,,,,,,,
94da6223-c4c8-4faa-89e1-cd3a80eb6a31,subdivision,zzzzzzzzzzzzzzzzzzzy,Waiheke,eb9b096b-86cd-4a66-ae85-056c17ce7f28,,true,,regions/zzzzzzzzzzzzzzzzzzzy/districts/zzzzzzzzzzzzzzzzzzzy/wards/5LcejaRWTJoYW3rI9mgJ/boards/zzzzzzzzzzzzzzzzzzzx/subdivisions/zzzzzzzzzzzzzzzzzzzy,,,waiheke-local-board,,,,,
eb9b096b-86cd-4a66-ae85-056c17ce7f28,board,zzzzzzzzzzzzzzzzzzzx,Waiheke,e4b2cea9-303b-4f89-9ae9-65f9c89a8a6a,e7121825-bf42-445f-995f-1b71e281bb35,true,,regions/zzzzzzzzzzzzzzzzzzzy/districts/zzzzzzzzzzzzzzzzzzzy/wards/5LcejaRWTJoYW3rI9mgJ/boards/zzzzzzzzzzzzzzzzzzzx,,,,,,,,
0f9a19c4-3e2e-4d1b-9c82-7e4144ad174b,subdivision,zzzzzzzzzzzzzzzzzzzy,Waitematā,ee896499-6090-4019-8e5b-abc84dd6d16d,,true,,regions/zzzzzzzzzzzzzzzzzzzy/districts/zzzzzzzzzzzzzzzzzzzy/wards/5LcejaRWTJoYW3rI9mgJ/boards/zzzzzzzzzzzzzzzzzzzy/subdivisions/zzzzzzzzzzzzzzzzzzzy,,,waitemata-local-board,,,,,
ee896499-6090-4019-8e5b-abc84dd6d16d,board,zzzzzzzzzzzzzzzzzzzy,Waitematā,e4b2cea9-303b-4f89-9ae9-65f9c89a8a6a,7c663322-c03d-4bfd-be16-5a1853f29a74,true,,regions/zzzzzzzzzzzzzzzzzzzy/districts/zzzzzzzzzzzzzzzzzzzy/wards/5LcejaRWTJoYW3rI9mgJ/boards/zzzzzzzzzzzzzzzzzzzy,,,,,,,,
e4b2cea9-303b-4f89-9ae9-65f9c89a8a6a,ward,5LcejaRWTJoYW3rI9mgJ,Waitematā and Gulf,fc33792e-b6f8-4525-a115-9fed6adbe91c,6c68c90d-f352-4bfc-9494-b81545d96ec6|7f2462ed-b77a-49cb-b0f7-447a9fb72555|7e7b977a-4c6f-4e1a-ab20-1bb9527edfcd,true,,regions/zzzzzzzzzzzzzzzzzzzy/districts/zzzzzzzzzzzzzzzzzzzy/wards/5LcejaRWTJoYW3rI9mgJ,,,auckland-council-waitemata-and-gulf-ward,,,,,
37f07d32-0f2f-4b26-8ff7-533852223101,subdivision,zzzzzzzzzzzzzzzzzzzy,Henderson-Massey,a50d5fe9-0767-4193-97ae-d8f7c6ee924c,,true,,regions/zzzzzzzzzzzzzzzzzzzy/districts/zzzzzzzzzzzzzzzzzzzy/wards/5LcejaRWTJoYW3rI9mgK/boards/zzzzzzzzzzzzzzzzzzzx/subdivisions/zzzzzzzzzzzzzzzzzzzy,,,henderson-massey-local-board,,,,,
a50d5fe9-0767-4193-97ae-d8f7c6ee924c,board,zzzzzzzzzzzzzzzzzzzx,Henderson-Massey,e14d8b33-185f-4626-bc4f-c75b194d3ef1,0ff93f92-6935-481f-83fe-90b17b39ddd9,true,,regions/zzzzzzzzzzzzzzzzzzzy/districts/zzzzzzzzzzzzzzzzzzzy/wards/5LcejaRWTJoYW3rI9mgK/boards/zzzzzzzzzzzzzzzzzzzx,,,,,,,,
16dc3794-321d-490d-a10f-2a08e870e09a,subdivision,zzzzzzzzzzzzzzzzzzzy,Waitākere Ranges,b2903fba-b7bd-4b37-b377-742b1d3a9abe,,true,,regions/zzzzzzzzzzzzzzzzzzzy/districts/zzzzzzzzzzzzzzzzzzzy/wards/5LcejaRWTJoYW3rI9mgK/boards/zzzzzzzzzzzzzzzzzzzy/subdivisions/zzzzzzzzzzzzzzzzzzzy,,,waitakere-ranges-local-board,,,,,
b2903fba-b7bd-4b37-b377-742b1d3a9abe,board,zzzzzzzzzzzzzzzzzzzy,Waitākere Ranges,e14d8b33-185f-4626-bc4f-c75b194d3ef1,a12e0ca1-629a-46bf-bdfc-524b2812d01a,true,,regions/zzzzzzzzzzzzzzzzzzzy/districts/zzzzzzzzzzzzzzzzzzzy/wards/5LcejaRWTJoYW3rI9mgK/boards/zzzzzzzzzzzzzzzzzzzy,,,,,,,,
e14d8b33-185f-4626-bc4f-c75b194d3ef1,ward,5LcejaRWTJoYW3rI9mgK,Waitākere,fc33792e-b6f8-4525-a115-9fed6adbe91c,5c2ca9f4-4291-4136-b6fd-c3c0287cb11d|3e54e0b4-1ebe-4107-8387-31d9c045b875,true,,regions/zzzzzzzzzzzzzzzzzzzy/districts/zzzzzzzzzzzzzzzzzzzy/wards/5LcejaRWTJoYW3rI9mgK,,,auckland-council-waitakere-ward,,,,,
e907d038-e0bd-4ba5-a190-161fdf553d76,subdivision,zzzzzzzzzzzzzzzzzzzv,Wellsford,5618f4e3-f24c-45c2-9cf4-18c556711bbe,,true,,regions/zzzzzzzzzzzzzzzzzzzy/districts/zzzzzzzzzzzzzzzzzzzy/wards/5LcejaRWTJoYW3rI9mgL/boards/zzzzzzzzzzzzzzzzzzzy/subdivisions/zzzzzzzzzzzzzzzzzzzv,,,rodney-local-board-wellsford-subdivision,,,,,
7909aef2-72cb-4cda-adcc-d37f11271a0e,subdivision,zzzzzzzzzzzzzzzzzzzw,Warkworth,5618f4e3-f24c-45c2-9cf4-18c556711bbe,,true,,regions/zzzzzzzzzzzzzzzzzzzy/districts/zzzzzzzzzzzzzzzzzzzy/wards/5LcejaRWTJoYW3rI9mgL/boards/zzzzzzzzzzzzzzzzzzzy/subdivisions/zzzzzzzzzzzzzzzzzzzw,,,rodney-local-board-warkworth-subdivision,,,,,
ab281214-7c08-4e45-baba-36fd83e5b6e5,subdivision,zzzzzzzzzzzzzzzzzzzx,Kumeū,5618f4e3-f24c-45c2-9cf4-18c556711bbe,,true,,regions/zzzzzzzzzzzzzzzzzzzy/districts/zzzzzzzzzzzzzzzzzzzy/wards/5LcejaRWTJoYW3rI9mgL/boards/zzzzzzzzzzzzzzzzzzzy/subdivisions/zzzzzzzzzzzzzzzzzzzx,,,rodney-local-board-kumeu-subdivision,,,,,
37724469-7319-4993-81d5-22321f384262,subdivision,zzzzzzzzzzzzzzzzzzzy,Dairy Flat,5618f4e3-f24c-45c2-9cf4-18c556711bbe,,true,,regions/zzzzzzzzzzzzzzzzzzzy/districts/zzzzzzzzzzzzzzzzzzzy/wards/5LcejaRWTJoYW3rI9mgL/boards/zzzzzzzzzzzzzzzzzzzy/subdivisions/zzzzzzzzzzzzzzzzzzzy,,,rodney-local-board-dairy-flat-subdivision,,,,,
5618f4e3-f24c-45c2-9cf4-18c556711bbe,board,zzzzzzzzzzzzzzzzzzzy,Rodney,83c627d3-0f28-4d01-bbe6-43bd77c447cd,e69ecca4-20ca-4563-bfcd-7b961898ea35|665bb765-4842-4ea7-ad49-58230654d2e2|6aa5eae0-e9f1-489d-8d45-f3de1587aa17|55a7fd01-c368-4a99-8f8c-b87234713821,true,,regions/zzzzzzzzzzzzzzzzzzzy/districts/zzzzzzzzzzzzzzzzzzzy/wards/5LcejaRWTJoYW3rI9mgL/boards/zzzzzzzzzzzzzzzzzzzy,,,,,,,,
83c627d3-0f28-4d01-bbe6-43bd77c447cd,ward,5LcejaRWTJoYW3rI9mgL,Rodney,fc33792e-b6f8-4525-a115-9fed6adbe91c,2009ffd9-3cb3-4b8d-afd2-a57538e115e6,true,,regions/zzzzzzzzzzzzzzzzzzzy/districts/zzzzzzzzzzzzzzzzzzzy/wards/5LcejaRWTJoYW3rI9mgL,,,auckland-council-rodney-ward,,,,,
40f2d948-6bdf-4908-968b-31fd86586e26,subdivision,zzzzzzzzzzzzzzzzzzzx,Ōwairaka,cb46cc8f-2561-4078-a016-0b3efebeba36,,true,,regions/zzzzzzzzzzzzzzzzzzzy/districts/zzzzzzzzzzzzzzzzzzzy/wards/5LcejaRWTJoYW3rI9mgM/boards/zzzzzzzzzzzzzzzzzzzw/subdivisions/zzzzzzzzzzzzzzzzzzzx,,,albert-eden-local-board-owairaka-subdivision,,,,,
5d28aeed-ce0e-4154-889d-03792c6df506,subdivision,zzzzzzzzzzzzzzzzzzzy,Maungawhau,cb46cc8f-2561-4078-a016-0b3efebeba36,,true,,regions/zzzzzzzzzzzzzzzzzzzy/districts/zzzzzzzzzzzzzzzzzzzy/wards/5LcejaRWTJoYW3rI9mgM/boards/zzzzzzzzzzzzzzzzzzzw/subdivisions/zzzzzzzzzzzzzzzzzzzy,,,albert-eden-local-board-maungawhau-subdivision,,,,,
cb46cc8f-2561-4078-a016-0b3efebeba36,board,zzzzzzzzzzzzzzzzzzzw,Albert-Eden,73a8095b-db9a-4ca2-a135-2f41d9af9f07,cbeca404-eb6c-4b48-a934-a185dab4abee|5d7391ff-744a-4a8a-9263-ccd5f2bad0f0,true,,regions/zzzzzzzzzzzzzzzzzzzy/districts/zzzzzzzzzzzzzzzzzzzy/wards/5LcejaRWTJoYW3rI9mgM/boards/zzzzzzzzzzzzzzzzzzzw,,,,,,,,
3d90999b-5043-487c-839b-4b2248b9c425,subdivision,zzzzzzzzzzzzzzzzzzzy,Ōrākei,95a2477f-b3b5-44ae-af9b-e567724bcb0e,,true,,regions/zzzzzzzzzzzzzzzzzzzy/districts/zzzzzzzzzzzzzzzzzzzy/wards/5LcejaRWTJoYW3rI9mgM/boards/zzzzzzzzzzzzzzzzzzzx/subdivisions/zzzzzzzzzzzzzzzzzzzy,,,orakei-local-board,,,,,
95a2477f-b3b5-44ae-af9b-e567724bcb0e,board,zzzzzzzzzzzzzzzzzzzx,Ōrākei,73a8095b-db9a-4ca2-a135-2f41d9af9f07,2696ca53-b3de-4524-a098-d3f8986db6fe,true,,regions/zzzzzzzzzzzzzzzzzzzy/districts/zzzzzzzzzzzzzzzzzzzy/wards/5LcejaRWTJoYW3rI9mgM/boards/zzzzzzzzzzzzzzzzzzzx,,,,,,,,
28b3e682-5cd5-4c2d-b29a-a9baef5c81cd,subdivision,zzzzzzzzzzzzzzzzzzzy,Waitematā,75ce324f-aaea-47bc-b3d0-5a288f6b7a66,,true,,regions/zzzzzzzzzzzzzzzzzzzy/districts/zzzzzzzzzzzzzzzzzzzy/wards/5LcejaRWTJoYW3rI9mgM/boards/zzzzzzzzzzzzzzzzzzzy/subdivisions/zzzzzzzzzzzzzzzzzzzy,,,waitemata-local-board,,,,,
75ce324f-aaea-47bc-b3d0-5a288f6b7a66,board,zzzzzzzzzzzzzzzzzzzy,Waitematā,73a8095b-db9a-4ca2-a135-2f41d9af9f07,b6dc5c6b-57b9-45af-801e-ba0942a7fe5e,true,,regions/zzzzzzzzzzzzzzzzzzzy/districts/zzzzzzzzzzzzzzzzzzzy/wards/5LcejaRWTJoYW3rI9mgM/boards/zzzzzzzzzzzzzzzzzzzy,,,,,,,,
73a8095b-db9a-4ca2-a135-2f41d9af9f07,ward,5LcejaRWTJoYW3rI9mgM,Ōrākei,fc33792e-b6f8-4525-a115-9fed6adbe91c,38f6141a-d8fd-43a0-88fd-b31c85d292d0|798f7ebd-3ebc-48ab-bfbd-f0dfc30189ca|07cef41e-792e-458f-85ee-56817e424d19,true,,regions/zzzzzzzzzzzzzzzzzzzy/districts/zzzzzzzzzzzzzzzzzzzy/wards/5LcejaRWTJoYW3rI9mgM,,,auckland-council-orakei-ward,,,,,
ca68859a-c66d-4a00-926c-758b8e97a326,subdivision,zzzzzzzzzzzzzzzzzzzy,Kaipātiki,95be849f-03fc-4b1d-a0bf-72edc56b033b,,true,,regions/zzzzzzzzzzzzzzzzzzzy/districts/zzzzzzzzzzzzzzzzzzzy/wards/5LcejaRWTJoYW3rI9mgN/boards/zzzzzzzzzzzzzzzzzzzx/subdivisions/zzzzzzzzzzzzzzzzzzzy,,,kaipatiki-local-board,,,,,
95be849f-03fc-4b1d-a0bf-72edc56b033b,board,zzzzzzzzzzzzzzzzzzzx,Kaipātiki,a7c9f227-2601-4100-912b-46e21cd64a6e,2f06289d-cfd2-4004-b2c4-cab86927ffa9,true,,regions/zzzzzzzzzzzzzzzzzzzy/districts/zzzzzzzzzzzzzzzzzzzy/wards/5LcejaRWTJoYW3rI9mgN/boards/zzzzzzzzzzzzzzzzzzzx,,,,,,,,
95f7f831-d383-4ff6-8f06-097105003c5e,subdivision,zzzzzzzzzzzzzzzzzzzy,Devonport-Takapuna,8f9e63ad-ead0-4ae8-aaa3-e58be2018245,,true,,regions/zzzzzzzzzzzzzzzzzzzy/districts/zzzzzzzzzzzzzzzzzzzy/wards/5LcejaRWTJoYW3rI9mgN/boards/zzzzzzzzzzzzzzzzzzzy/subdivisions/zzzzzzzzzzzzzzzzzzzy,,,devonport-takapuna-local-board,,,,,
8f9e63ad-ead0-4ae8-aaa3-e58be2018245,board,zzzzzzzzzzzzzzzzzzzy,Devonport-Takapuna,a7c9f227-2601-4100-912b-46e21cd64a6e,c10f243d-4651-4eab-92de-92f7a25f4256,true,,regions/zzzzzzzzzzzzzzzzzzzy/districts/zzzzzzzzzzzzzzzzzzzy/wards/5LcejaRWTJoYW3rI9mgN/boards/zzzzzzzzzzzzzzzzzzzy,,,,,,,,
a7c9f227-2601-4100-912b-46e21cd64a6e,ward,5LcejaRWTJoYW3rI9mgN,North Shore,fc33792e-b6f8-4525-a115-9fed6adbe91c,df7ee415-1bbd-45a8-90d6-e62e75f1560e|d2ba29f6-e603-41d0-991a-dcda96f0c9fe,true,,regions/zzzzzzzzzzzzzzzzzzzy/districts/zzzzzzzzzzzzzzzzzzzy/wards/5LcejaRWTJoYW3rI9mgN,,,auckland-council-north-shore-ward,,,,,
0b6c3abd-1db7-43db-9c7a-61b8dbb1962e,subdivision,zzzzzzzzzzzzzzzzzzzx,Papatoetoe,2a848f8f-4e0a-4e1e-a7b5-1991810391d8,,true,,regions/zzzzzzzzzzzzzzzzzzzy/districts/zzzzzzzzzzzzzzzzzzzy/wards/AULpQphVk9eQc7uW9vQY/boards/zzzzzzzzzzzzzzzzzzzx/subdivisions/zzzzzzzzzzzzzzzzzzzx,,,otara-papatoetoe-local-board-papatoetoe-subdivision,,,,,
96a33126-3dbc-4a57-8d11-2e44b70ecc47,subdivision,zzzzzzzzzzzzzzzzzzzy,Ōtara,2a848f8f-4e0a-4e1e-a7b5-1991810391d8,,true,,regions/zzzzzzzzzzzzzzzzzzzy/districts/zzzzzzzzzzzzzzzzzzzy/wards/AULpQphVk9eQc7uW9vQY/boards/zzzzzzzzzzzzzzzzzzzx/subdivisions/zzzzzzzzzzzzzzzzzzzy,,,otara-papatoetoe-local-board-otara-subdivision,,,,,
2a848f8f-4e0a-4e1e-a7b5-1991810391d8,board,zzzzzzzzzzzzzzzzzzzx,Ōtara-Papatoetoe,61b77930-1dc0-4188-aba4-78329669eca1,0c64a910-b8cf-4e69-90e0-de93041c0e0e|eb35a466-9016-43a6-9c56-07b24157e50c,true,,regions/zzzzzzzzzzzzzzzzzzzy/districts/zzzzzzzzzzzzzzzzzzzy/wards/AULpQphVk9eQc7uW9vQY/boards/zzzzzzzzzzzzzzzzzzzx,,,,,,,,
01170f47-c136-41ad-8f84-3c22ef5bc945,subdivision,zzzzzzzzzzzzzzzzzzzy,Māngere-Ōtāhuhu,e457579d-6c51-4abd-b197-be6a9aa43908,,true,,regions/zzzzzzzzzzzzzzzzzzzy/districts/zzzzzzzzzzzzzzzzzzzy/wards/AULpQphVk9eQc7uW9vQY/boards/zzzzzzzzzzzzzzzzzzzy/subdivisions/zzzzzzzzzzzzzzzzzzzy,,,mangere-otahuhu-local-board,,,,,
e457579d-6c51-4abd-b197-be6a9aa43908,board,zzzzzzzzzzzzzzzzzzzy,Māngere-Ōtāhuhu,61b77930-1dc0-4188-aba4-78329669eca1,b87bc193-1d7c-45c4-9143-9f39d2377fe1,true,,regions/zzzzzzzzzzzzzzzzzzzy/districts/zzzzzzzzzzzzzzzzzzzy/wards/AULpQphVk9eQc7uW9vQY/boards/zzzzzzzzzzzzzzzzzzzy,,,,,,,,
61b77930-1dc0-4188-aba4-78329669eca1,ward,AULpQphVk9eQc7uW9vQY,Manukau,fc33792e-b6f8-4525-a115-9fed6adbe91c,e3f0f0a7-396f-46fa-a95f-01f6864646b7|b64a9a0a-8d9e-4017-b542-cd0944dcf56e,true,,regions/zzzzzzzzzzzzzzzzzzzy/districts/zzzzzzzzzzzzzzzzzzzy/wards/AULpQphVk9eQc7uW9vQY,,,auckland-council-manukau-ward,,,,,
6f146eb0-6864-4878-88cb-6d6f41e6612a,subdivision,zzzzzzzzzzzzzzzzzzzy,Papakura,f719035d-ea3a-4535-9529-76232cba0bd7,,true,,regions/zzzzzzzzzzzzzzzzzzzy/districts/zzzzzzzzzzzzzzzzzzzy/wards/cHFa1VnpIhfeIld4ArBo/boards/zzzzzzzzzzzzzzzzzzzx/subdivisions/zzzzzzzzzzzzzzzzzzzy,,,papakura-local-board,,,,,
f719035d-ea3a-4535-9529-76232cba0bd7,board,zzzzzzzzzzzzzzzzzzzx,Papakura,7807d513-fe9d-4ebd-a793-3a381eae5c8d,5d305006-85bf-4e9f-b58c-283ba24c42eb,true,,regions/zzzzzzzzzzzzzzzzzzzy/districts/zzzzzzzzzzzzzzzzzzzy/wards/cHFa1VnpIhfeIld4ArBo/boards/zzzzzzzzzzzzzzzzzzzx,,,,,,,,
a00c9878-11c3-48c7-83df-18ede2119474,subdivision,zzzzzzzzzzzzzzzzzzzy,Manurewa,7a768520-edb6-47d6-a914-722306cda3f9,,true,,regions/zzzzzzzzzzzzzzzzzzzy/districts/zzzzzzzzzzzzzzzzzzzy/wards/cHFa1VnpIhfeIld4ArBo/boards/zzzzzzzzzzzzzzzzzzzy/subdivisions/zzzzzzzzzzzzzzzzzzzy,,,manurewa-local-board,,,,,
7a768520-edb6-47d6-a914-722306cda3f9,board,zzzzzzzzzzzzzzzzzzzy,Manurewa,7807d513-fe9d-4ebd-a793-3a381eae5c8d,d5fee73b-7e5a-4806-bfe9-37683533dbde,true,,regions/zzzzzzzzzzzzzzzzzzzy/districts/zzzzzzzzzzzzzzzzzzzy/wards/cHFa1VnpIhfeIld4ArBo/boards/zzzzzzzzzzzzzzzzzzzy,,,,,,,,
7807d513-fe9d-4ebd-a793-3a381eae5c8d,ward,cHFa1VnpIhfeIld4ArBo,Manurewa-Papakura,fc33792e-b6f8-4525-a115-9fed6adbe91c,b3aceabf-2ade-409e-bb7d-8421938ef96b|93f81c86-dac0-436b-a505-32cb700482e0,true,,regions/zzzzzzzzzzzzzzzzzzzy/districts/zzzzzzzzzzzzzzzzzzzy/wards/cHFa1VnpIhfeIld4ArBo,,,auckland-council-manurewa-papakura-ward,,,,,
a32bb581-1744-49c2-8850-145aeb3f6471,subdivision,zzzzzzzzzzzzzzzzzzzx,Ōwairaka,2029a7ec-75f7-491e-ab93-ea9ac7ddb026,,true,,regions/zzzzzzzzzzzzzzzzzzzy/districts/zzzzzzzzzzzzzzzzzzzy/wards/iYYyRiS14684v1Zl9QKO/boards/zzzzzzzzzzzzzzzzzzzw/subdivisions/zzzzzzzzzzzzzzzzzzzx,,,albert-eden-local-board-owairaka-subdivision,,,,,
08d52281-7af8-45c5-9072-7f3439649016,subdivision,zzzzzzzzzzzzzzzzzzzy,Maungawhau,2029a7ec-75f7-491e-ab93-ea9ac7ddb026,,true,,regions/zzzzzzzzzzzzzzzzzzzy/districts/zzzzzzzzzzzzzzzzzzzy/wards/iYYyRiS14684v1Zl9QKO/boards/zzzzzzzzzzzzzzzzzzzw/subdivisions/zzzzzzzzzzzzzzzzzzzy,,,albert-eden-local-board-maungawhau-subdivision,,,,,
2029a7ec-75f7-491e-ab93-ea9ac7ddb026,board,zzzzzzzzzzzzzzzzzzzw,Albert-Eden,1306b659-46d0-4706-937e-6808e9802023,8713b921-54a6-41d6-a5fe-a9dec8ab609c|b19972a5-6fea-4c35-94dd-04693d14daa2,true,,regions/zzzzzzzzzzzzzzzzzzzy/districts/zzzzzzzzzzzzzzzzzzzy/wards/iYYyRiS14684v1Zl9QKO/boards/zzzzzzzzzzzzzzzzzzzw,,,,,,,,
4aa71062-f82f-432a-894b-6b1fff8ce09b,subdivision,zzzzzzzzzzzzzzzzzzzy,Ōrākei,c91da0dc-ce5f-4cc9-a3d4-66228d70bc16,,true,,regions/zzzzzzzzzzzzzzzzzzzy/districts/zzzzzzzzzzzzzzzzzzzy/wards/iYYyRiS14684v1Zl9QKO/boards/zzzzzzzzzzzzzzzzzzzx/subdivisions/zzzzzzzzzzzzzzzzzzzy,,,orakei-local-board,,,,,
c91da0dc-ce5f-4cc9-a3d4-66228d70bc16,board,zzzzzzzzzzzzzzzzzzzx,Ōrākei,1306b659-46d0-4706-937e-6808e9802023,5d55ed3a-5655-4e1e-ac2b-e4472a216ba2,true,,regions/zzzzzzzzzzzzzzzzzzzy/districts/zzzzzzzzzzzzzzzzzzzy/wards/iYYyRiS14684v1Zl9QKO/boards/zzzzzzzzzzzzzzzzzzzx,,,,,,,,
5c65e32c-5915-45a9-8e29-b77af7bf4b34,subdivision,zzzzzzzzzzzzzzzzzzzx,Tāmaki,8d471658-2a3a-4d46-ab9c-1e9f028a49f4,,true,,regions/zzzzzzzzzzzzzzzzzzzy/districts/zzzzzzzzzzzzzzzzzzzy/wards/iYYyRiS14684v1Zl9QKO/boards/zzzzzzzzzzzzzzzzzzzy/subdivisions/zzzzzzzzzzzzzzzzzzzx,,,maungakiekie-tamaki-local-board-tamaki-subdivision,,,,,
15621757-8459-4c4f-9c3d-78e606e38fb2,subdivision,zzzzzzzzzzzzzzzzzzzy,Maungakiekie,8d471658-2a3a-4d46-ab9c-1e9f028a49f4,,true,,regions/zzzzzzzzzzzzzzzzzzzy/districts/zzzzzzzzzzzzzzzzzzzy/wards/iYYyRiS14684v1Zl9QKO/boards/zzzzzzzzzzzzzzzzzzzy/subdivisions/zzzzzzzzzzzzzzzzzzzy,,,maungakiekie-tamaki-local-board-maungakiekie-subdivision,,,,,
8d471658-2a3a-4d46-ab9c-1e9f028a49f4,board,zzzzzzzzzzzzzzzzzzzy,Maungakiekie-Tāmaki,1306b659-46d0-4706-937e-6808e9802023,d68c4863-3585-413c-9764-ce18f0a7a170|4555b09e-69aa-43c7-8bbb-76073b1b4019,true,,regions/zzzzzzzzzzzzzzzzzzzy/districts/zzzzzzzzzzzzzzzzzzzy/wards/iYYyRiS14684v1Zl9QKO/boards/zzzzzzzzzzzzzzzzzzzy,,,,,,,,
1306b659-46d0-4706-937e-6808e9802023,ward,iYYyRiS14684v1Zl9QKO,Maungakiekie-Tāmaki,fc33792e-b6f8-4525-a115-9fed6adbe91c,d441db90-a7a0-423b-a06b-98281d61c29c|9fe951e3-e760-4e89-8542-24a228b1d08d|7cbb24c4-88ff-4f62-bd05-68f49ca1fdd6,true,,regions/zzzzzzzzzzzzzzzzzzzy/districts/zzzzzzzzzzzzzzzzzzzy/wards/iYYyRiS14684v1Zl9QKO,,,auckland-council-maungakiekie-tamaki-ward,,,,,
47d49ce0-feb1-4945-9038-907bef540554,subdivision,zzzzzzzzzzzzzzzzzzzw,Pakuranga,7f7e9cf3-f57f-4cae-a7bb-305255265f3c,,true,,regions/zzzzzzzzzzzzzzzzzzzy/districts/zzzzzzzzzzzzzzzzzzzy/wards/sNe0C0FCLog9KuvwGPxF/boards/zzzzzzzzzzzzzzzzzzzw/subdivisions/zzzzzzzzzzzzzzzzzzzw,,,howick-local-board-pakuranga-subdivision,,,,,
740eff71-961c-4c09-a04a-956dc1845945,subdivision,zzzzzzzzzzzzzzzzzzzx,Howick,7f7e9cf3-f57f-4cae-a7bb-305255265f3c,,true,,regions/zzzzzzzzzzzzzzzzzzzy/districts/zzzzzzzzzzzzzzzzzzzy/wards/sNe0C0FCLog9KuvwGPxF/boards/zzzzzzzzzzzzzzzzzzzw/subdivisions/zzzzzzzzzzzzzzzzzzzx,,,howick-local-board-howick-subdivision,,,,,
25c77be4-6e0c-43ac-83a1-1aef5a2f0105,subdivision,zzzzzzzzzzzzzzzzzzzy,Botany,7f7e9cf3-f57f-4cae-a7bb-305255265f3c,,true,,regions/zzzzzzzzzzzzzzzzzzzy/districts/zzzzzzzzzzzzzzzzzzzy/wards/sNe0C0FCLog9KuvwGPxF/boards/zzzzzzzzzzzzzzzzzzzw/subdivisions/zzzzzzzzzzzzzzzzzzzy,,,howick-local-board-botany-subdivision,,,,,
7f7e9cf3-f57f-4cae-a7bb-305255265f3c,board,zzzzzzzzzzzzzzzzzzzw,Howick,51cb6ac0-474d-49a5-b13f-360c3bd3e114,63c448ee-60c6-4ec9-a727-01ec20675096|00077381-d7e0-40f2-add5-b1fcb1995987|908aaa1c-e073-4e0b-b037-73e6fa024643,true,,regions/zzzzzzzzzzzzzzzzzzzy/districts/zzzzzzzzzzzzzzzzzzzy/wards/sNe0C0FCLog9KuvwGPxF/boards/zzzzzzzzzzzzzzzzzzzw,,,,,,,,
51cb6ac0-474d-49a5-b13f-360c3bd3e114,ward,sNe0C0FCLog9KuvwGPxF,Howick,fc33792e-b6f8-4525-a115-9fed6adbe91c,60e442ea-650a-4a9e-aec7-840c3d306b22,true,,regions/zzzzzzzzzzzzzzzzzzzy/districts/zzzzzzzzzzzzzzzzzzzy/wards/sNe0C0FCLog9KuvwGPxF,,,auckland-council-howick-ward,,,,,
5e0f855c-37be-4987-965f-10c7619996b4,subdivision,zzzzzzzzzzzzzzzzzzzw,Waiuku,67a250f5-c3d3-484b-8193-08fdce9dac01,,true,,regions/zzzzzzzzzzzzzzzzzzzy/districts/zzzzzzzzzzzzzzzzzzzy/wards/zzzzzzzzzzzzzzzzzzzw/boards/zzzzzzzzzzzzzzzzzzzy/subdivisions/zzzzzzzzzzzzzzzzzzzw,,,franklin-local-board-waiuku-subdivision,,,,,
adbec8eb-f58b-4535-82b8-4b4b23b7c06d,subdivision,zzzzzzzzzzzzzzzzzzzx,Wairoa,67a250f5-c3d3-484b-8193-08fdce9dac01,,true,,regions/zzzzzzzzzzzzzzzzzzzy/districts/zzzzzzzzzzzzzzzzzzzy/wards/zzzzzzzzzzzzzzzzzzzw/boards/zzzzzzzzzzzzzzzzzzzy/subdivisions/zzzzzzzzzzzzzzzzzzzx,,,franklin-local-board-wairoa-subdivision,,,,,
7df9f4e0-42bb-431d-b18f-dde39f750b32,subdivision,zzzzzzzzzzzzzzzzzzzy,Pukekohe,67a250f5-c3d3-484b-8193-08fdce9dac01,,true,,regions/zzzzzzzzzzzzzzzzzzzy/districts/zzzzzzzzzzzzzzzzzzzy/wards/zzzzzzzzzzzzzzzzzzzw/boards/zzzzzzzzzzzzzzzzzzzy/subdivisions/zzzzzzzzzzzzzzzzzzzy,,,franklin-local-board-pukekohe-subdivision,,,,,
67a250f5-c3d3-484b-8193-08fdce9dac01,board,zzzzzzzzzzzzzzzzzzzy,Franklin,d85bbea7-2726-4958-a1d6-f8bdd9394974,bf4b565b-8b74-4a22-89ce-1f3ada189c72|d9ea5c2a-3fd9-4344-a9cf-d7fd62838a4c|27b8a0e8-b9bb-49b8-aefb-462cb552948a,true,,regions/zzzzzzzzzzzzzzzzzzzy/districts/zzzzzzzzzzzzzzzzzzzy/wards/zzzzzzzzzzzzzzzzzzzw/boards/zzzzzzzzzzzzzzzzzzzy,,,,,,,,
d85bbea7-2726-4958-a1d6-f8bdd9394974,ward,zzzzzzzzzzzzzzzzzzzw,Franklin,fc33792e-b6f8-4525-a115-9fed6adbe91c,61af67a9-c306-47e2-8eb5-37d733a28cb0,true,,regions/zzzzzzzzzzzzzzzzzzzy/districts/zzzzzzzzzzzzzzzzzzzy/wards/zzzzzzzzzzzzzzzzzzzw,,,auckland-council-franklin-ward,,,,,
a4437dfa-de56-446e-b0e9-6713c1e96817,subdivision,zzzzzzzzzzzzzzzzzzzx,Ōwairaka,7b45065d-f2d6-4eeb-9023-b0942dec432d,,true,,regions/zzzzzzzzzzzzzzzzzzzy/districts/zzzzzzzzzzzzzzzzzzzy/wards/zzzzzzzzzzzzzzzzzzzx/boards/zzzzzzzzzzzzzzzzzzzv/subdivisions/zzzzzzzzzzzzzzzzzzzx,,,albert-eden-local-board-owairaka-subdivision,,,,,
a8d936eb-9f52-4f45-967b-1b869456855f,subdivision,zzzzzzzzzzzzzzzzzzzy,Maungawhau,7b45065d-f2d6-4eeb-9023-b0942dec432d,,true,,regions/zzzzzzzzzzzzzzzzzzzy/districts/zzzzzzzzzzzzzzzzzzzy/wards/zzzzzzzzzzzzzzzzzzzx/boards/zzzzzzzzzzzzzzzzzzzv/subdivisions/zzzzzzzzzzzzzzzzzzzy,,,albert-eden-local-board-maungawhau-subdivision,,,,,
7b45065d-f2d6-4eeb-9023-b0942dec432d,board,zzzzzzzzzzzzzzzzzzzv,Albert-Eden,bd5e3e8f-1ad5-4246-8cf0-1e6203df5cb6,2fdea52a-5f39-4593-9e53-f7c3bf08d026|dd175830-28ed-445c-9053-c8eda248654b,true,,regions/zzzzzzzzzzzzzzzzzzzy/districts/zzzzzzzzzzzzzzzzzzzy/wards/zzzzzzzzzzzzzzzzzzzx/boards/zzzzzzzzzzzzzzzzzzzv,,,,,,,,
c94f6311-f0c3-4123-b4b1-f7932f98c45b,subdivision,zzzzzzzzzzzzzzzzzzzx,Tāmaki,21783484-2610-4797-86af-3520a735a327,,true,,regions/zzzzzzzzzzzzzzzzzzzy/districts/zzzzzzzzzzzzzzzzzzzy/wards/zzzzzzzzzzzzzzzzzzzx/boards/zzzzzzzzzzzzzzzzzzzw/subdivisions/zzzzzzzzzzzzzzzzzzzx,,,maungakiekie-tamaki-local-board-tamaki-subdivision,,,,,
347f7606-0e8e-441f-ada1-4ac162d77583,subdivision,zzzzzzzzzzzzzzzzzzzy,Maungakiekie,21783484-2610-4797-86af-3520a735a327,,true,,regions/zzzzzzzzzzzzzzzzzzzy/districts/zzzzzzzzzzzzzzzzzzzy/wards/zzzzzzzzzzzzzzzzzzzx/boards/zzzzzzzzzzzzzzzzzzzw/subdivisions/zzzzzzzzzzzzzzzzzzzy,,,maungakiekie-tamaki-local-board-maungakiekie-subdivision,,,,,
21783484-2610-4797-86af-3520a735a327,board,zzzzzzzzzzzzzzzzzzzw,Maungakiekie-Tāmaki,bd5e3e8f-1ad5-4246-8cf0-1e6203df5cb6,96d48ba6-b668-41ad-917a-1095b86f2d01|7e1ad23b-6621-4667-8177-2444f1143b97,true,,regions/zzzzzzzzzzzzzzzzzzzy/districts/zzzzzzzzzzzzzzzzzzzy/wards/zzzzzzzzzzzzzzzzzzzx/boards/zzzzzzzzzzzzzzzzzzzw,,,,,,,,
4aafde85-730c-456a-9e9d-a7ba16e1ed5e,subdivision,zzzzzzzzzzzzzzzzzzzy,Puketāpapa,c2e13ba6-c984-43f3-9235-84c1b880b8ca,,true,,regions/zzzzzzzzzzzzzzzzzzzy/districts/zzzzzzzzzzzzzzzzzzzy/wards/zzzzzzzzzzzzzzzzzzzx/boards/zzzzzzzzzzzzzzzzzzzx/subdivisions/zzzzzzzzzzzzzzzzzzzy,,,puketapapa-local-board,,,,,
c2e13ba6-c984-43f3-9235-84c1b880b8ca,board,zzzzzzzzzzzzzzzzzzzx,Puketāpapa,bd5e3e8f-1ad5-4246-8cf0-1e6203df5cb6,a9175d7c-b53c-4869-9cd9-df732fdd9d73,true,,regions/zzzzzzzzzzzzzzzzzzzy/districts/zzzzzzzzzzzzzzzzzzzy/wards/zzzzzzzzzzzzzzzzzzzx/boards/zzzzzzzzzzzzzzzzzzzx,,,,,,,,
87a4f45e-306d-4545-8287-62a65c815e06,subdivision,zzzzzzzzzzzzzzzzzzzy,Waitematā,8895f028-1f40-41e1-8d4f-9769626abcdd,,true,,regions/zzzzzzzzzzzzzzzzzzzy/districts/zzzzzzzzzzzzzzzzzzzy/wards/zzzzzzzzzzzzzzzzzzzx/boards/zzzzzzzzzzzzzzzzzzzy/subdivisions/zzzzzzzzzzzzzzzzzzzy,,,waitemata-local-board,,,,,
8895f028-1f40-41e1-8d4f-9769626abcdd,board,zzzzzzzzzzzzzzzzzzzy,Waitematā,bd5e3e8f-1ad5-4246-8cf0-1e6203df5cb6,a6024d38-607b-40a3-8756-3a422c2120d1,true,,regions/zzzzzzzzzzzzzzzzzzzy/districts/zzzzzzzzzzzzzzzzzzzy/wards/zzzzzzzzzzzzzzzzzzzx/boards/zzzzzzzzzzzzzzzzzzzy,,,,,,,,
bd5e3e8f-1ad5-4246-8cf0-1e6203df5cb6,ward,zzzzzzzzzzzzzzzzzzzx,Albert-Eden-Puketāpapa,fc33792e-b6f8-4525-a115-9fed6adbe91c,dc4c33ab-28b1-4e46-975d-951a885c4057|3ea800cc-bab9-43ef-9951-4ae909bfb592|c47ee038-bd63-45b8-ba66-ec70d2d13fca|70afa51e-2bfd-42eb-af05-a243ea0d9123,true,,regions/zzzzzzzzzzzzzzzzzzzy/districts/zzzzzzzzzzzzzzzzzzzy/wards/zzzzzzzzzzzzzzzzzzzx,,,auckland-council-albert-eden-puketapapa-ward,,,,,
e012e6e1-e6b3-4f41-9353-e1e467ae1eca,subdivision,zzzzzzzzzzzzzzzzzzzx,East Coast Bays,f4e50d3b-e4f3-4a06-a487-65ead3311bfd,,true,,regions/zzzzzzzzzzzzzzzzzzzy/districts/zzzzzzzzzzzzzzzzzzzy/wards/zzzzzzzzzzzzzzzzzzzy/boards/zzzzzzzzzzzzzzzzzzzx/subdivisions/zzzzzzzzzzzzzzzzzzzx,,,hibiscus-and-bays-local-board-east-coast-bays-subdivision,,,,,
77cc3b3e-c34f-47f6-8f2c-31b2e3eee7c8,subdivision,zzzzzzzzzzzzzzzzzzzy,Hibiscus Coast,f4e50d3b-e4f3-4a06-a487-65ead3311bfd,,true,,regions/zzzzzzzzzzzzzzzzzzzy/districts/zzzzzzzzzzzzzzzzzzzy/wards/zzzzzzzzzzzzzzzzzzzy/boards/zzzzzzzzzzzzzzzzzzzx/subdivisions/zzzzzzzzzzzzzzzzzzzy,,,hibiscus-and-bays-local-board-hibiscus-coast-subdivision,,,,,
f4e50d3b-e4f3-4a06-a487-65ead3311bfd,board,zzzzzzzzzzzzzzzzzzzx,Hibiscus and Bays,502df8f7-b78d-449a-9a2f-c8a35e1ab7ad,5920d2fa-75a1-4c14-ab48-5fc7b924db78|5dd126f6-ca18-4618-b85e-ac77b8eb6dfb,true,,regions/zzzzzzzzzzzzzzzzzzzy/districts/zzzzzzzzzzzzzzzzzzzy/wards/zzzzzzzzzzzzzzzzzzzy/boards/zzzzzzzzzzzzzzzzzzzx,,,,,,,,
f8d29551-f5c4-4c2c-9ff4-fa09867a1221,subdivision,zzzzzzzzzzzzzzzzzzzy,Upper Harbour,51b4114e-6373-4c8e-aac4-32982ff289d9,,true,,regions/zzzzzzzzzzzzzzzzzzzy/districts/zzzzzzzzzzzzzzzzzzzy/wards/zzzzzzzzzzzzzzzzzzzy/boards/zzzzzzzzzzzzzzzzzzzy/subdivisions/zzzzzzzzzzzzzzzzzzzy,,,upper-harbour-local-board,,,,,
51b4114e-6373-4c8e-aac4-32982ff289d9,board,zzzzzzzzzzzzzzzzzzzy,Upper Harbour,502df8f7-b78d-449a-9a2f-c8a35e1ab7ad,ad85fa5f-9ecf-4c1c-88e8-01fdc0bf9818,true,,regions/zzzzzzzzzzzzzzzzzzzy/districts/zzzzzzzzzzzzzzzzzzzy/wards/zzzzzzzzzzzzzzzzzzzy/boards/zzzzzzzzzzzzzzzzzzzy,,,,,,,,
502df8f7-b78d-449a-9a2f-c8a35e1ab7ad,ward,zzzzzzzzzzzzzzzzzzzy,Albany,fc33792e-b6f8-4525-a115-9fed6adbe91c,1be23e54-efde-470d-b448-fe6fc76401b3|8148f1e2-c782-4b95-a3fb-6d0661e30781,true,,regions/zzzzzzzzzzzzzzzzzzzy/districts/zzzzzzzzzzzzzzzzzzzy/wards/zzzzzzzzzzzzzzzzzzzy,,,auckland-council-albany-ward,,,,,
fc33792e-b6f8-4525-a115-9fed6adbe91c,district,zzzzzzzzzzzzzzzzzzzy,Auckland,5f31b823-b0fc-4bea-9a1d-8c02c5cb03ab,a990e9a8-4eac-4df1-9f8a-90d96118dd62|0521f32c-1209-4853-83ff-ee20a934425e|905f7eea-4e3f-408f-ae86-ea999d6cb482|ea00f5f2-c489-4e1f-aba6-a8ed63c45035|8e7ad32a-3824-4548-9653-4e60258f12d6|9d9ae765-2dcd-4c88-82fa-302117129c0d|ae589487-a182-4e1b-b244-e8435c6097b7|8266533c-5318-4789-93e2-d2113d72683f|41b9981e-3fc8-4876-a8f0-2efe7c1abf7b|1d31cfcb-45af-4e08-a20b-f131d0a9c573|0dc91383-c143-480d-8eef-bd8acc3564b1|bb3e7a8b-ae3e-426a-859b-8cb8db349230|06258c33-628c-49bf-8f65-45cd0372ef68,true,,regions/zzzzzzzzzzzzzzzzzzzy/districts/zzzzzzzzzzzzzzzzzzzy,FPP,https://www.aucklandcouncil.govt.nz/about-auckland-council/how-auckland-council-works/governing-body-wards-committees/wards/Pages/find-your-ward.aspx,,auckland-council-mayoral,,,,
5f31b823-b0fc-4bea-9a1d-8c02c5cb03ab,region,zzzzzzzzzzzzzzzzzzzy,Auckland,,b6b5dc82-7351-498e-b748-a040bff9deaf,true,,regions/zzzzzzzzzzzzzzzzzzzy,FPP,,,,,,,auckland@generationzero.org.nz
