level,id,parent,children,name,include,pnzRegional,path
district,zzzzzzzzzzzzzzzzzzzp,zzzzzzzzzzzzzzzzzzzw,,Waitaki,true,environment-canterbury-south-canterbury-otuhituhi-constituency,regions/zzzzzzzzzzzzzzzzzzzw/districts/zzzzzzzzzzzzzzzzzzzp
district,zzzzzzzzzzzzzzzzzzzq,zzzzzzzzzzzzzzzzzzzw,,Waimate,true,environment-canterbury-south-canterbury-otuhituhi-constituency,regions/zzzzzzzzzzzzzzzzzzzw/districts/zzzzzzzzzzzzzzzzzzzq
ward,zzzzzzzzzzzzzzzzzzzx,zzzzzzzzzzzzzzzzzzzr,,Rangiora-Ashley Ward,true,,regions/zzzzzzzzzzzzzzzzzzzw/districts/zzzzzzzzzzzzzzzzzzzr/wards/zzzzzzzzzzzzzzzzzzzx
ward,zzzzzzzzzzzzzzzzzzzy,zzzzzzzzzzzzzzzzzzzr,,Kaiapoi-Woodend Ward,true,,regions/zzzzzzzzzzzzzzzzzzzw/districts/zzzzzzzzzzzzzzzzzzzr/wards/zzzzzzzzzzzzzzzzzzzy
district,zzzzzzzzzzzzzzzzzzzr,zzzzzzzzzzzzzzzzzzzw,|,Waimakariri,true,environment-canterbury-north-canterbury-opukepuke-constituency,regions/zzzzzzzzzzzzzzzzzzzw/districts/zzzzzzzzzzzzzzzzzzzr
district,zzzzzzzzzzzzzzzzzzzs,zzzzzzzzzzzzzzzzzzzw,,Timaru,true,environment-canterbury-south-canterbury-otuhituhi-constituency,regions/zzzzzzzzzzzzzzzzzzzw/districts/zzzzzzzzzzzzzzzzzzzs
ward,zzzzzzzzzzzzzzzzzzzy,zzzzzzzzzzzzzzzzzzzt,,Rolleston Ward,true,,regions/zzzzzzzzzzzzzzzzzzzw/districts/zzzzzzzzzzzzzzzzzzzt/wards/zzzzzzzzzzzzzzzzzzzy
district,zzzzzzzzzzzzzzzzzzzt,zzzzzzzzzzzzzzzzzzzw,,Selwyn,true,environment-canterbury-mid-canterbury-opakihi-constituency,regions/zzzzzzzzzzzzzzzzzzzw/districts/zzzzzzzzzzzzzzzzzzzt
district,zzzzzzzzzzzzzzzzzzzu,zzzzzzzzzzzzzzzzzzzw,,Mackenzie,true,environment-canterbury-south-canterbury-otuhituhi-constituency,regions/zzzzzzzzzzzzzzzzzzzw/districts/zzzzzzzzzzzzzzzzzzzu
district,zzzzzzzzzzzzzzzzzzzv,zzzzzzzzzzzzzzzzzzzw,,Kaikoura,true,environment-canterbury-north-canterbury-opukepuke-constituency,regions/zzzzzzzzzzzzzzzzzzzw/districts/zzzzzzzzzzzzzzzzzzzv
district,zzzzzzzzzzzzzzzzzzzw,zzzzzzzzzzzzzzzzzzzw,,Hurunui,true,environment-canterbury-north-canterbury-opukepuke-constituency,regions/zzzzzzzzzzzzzzzzzzzw/districts/zzzzzzzzzzzzzzzzzzzw
ward,IxSxuB4yKBAIK06fieCk,zzzzzzzzzzzzzzzzzzzx,,Banks Peninsula Ward,true,,regions/zzzzzzzzzzzzzzzzzzzw/districts/zzzzzzzzzzzzzzzzzzzx/wards/IxSxuB4yKBAIK06fieCk
ward,zzzzzzzzzzzzzzzzzzzk,zzzzzzzzzzzzzzzzzzzx,,Burwood Ward,true,,regions/zzzzzzzzzzzzzzzzzzzw/districts/zzzzzzzzzzzzzzzzzzzx/wards/zzzzzzzzzzzzzzzzzzzk
ward,zzzzzzzzzzzzzzzzzzzl,zzzzzzzzzzzzzzzzzzzx,,Waimairi Ward,true,,regions/zzzzzzzzzzzzzzzzzzzw/districts/zzzzzzzzzzzzzzzzzzzx/wards/zzzzzzzzzzzzzzzzzzzl
ward,zzzzzzzzzzzzzzzzzzzm,zzzzzzzzzzzzzzzzzzzx,,Spreydon Ward,true,,regions/zzzzzzzzzzzzzzzzzzzw/districts/zzzzzzzzzzzzzzzzzzzx/wards/zzzzzzzzzzzzzzzzzzzm
ward,zzzzzzzzzzzzzzzzzzzn,zzzzzzzzzzzzzzzzzzzx,,Riccarton Ward,true,,regions/zzzzzzzzzzzzzzzzzzzw/districts/zzzzzzzzzzzzzzzzzzzx/wards/zzzzzzzzzzzzzzzzzzzn
ward,zzzzzzzzzzzzzzzzzzzo,zzzzzzzzzzzzzzzzzzzx,,Papanui Ward,true,,regions/zzzzzzzzzzzzzzzzzzzw/districts/zzzzzzzzzzzzzzzzzzzx/wards/zzzzzzzzzzzzzzzzzzzo
ward,zzzzzzzzzzzzzzzzzzzp,zzzzzzzzzzzzzzzzzzzx,,Linwood Ward,true,,regions/zzzzzzzzzzzzzzzzzzzw/districts/zzzzzzzzzzzzzzzzzzzx/wards/zzzzzzzzzzzzzzzzzzzp
ward,zzzzzzzzzzzzzzzzzzzq,zzzzzzzzzzzzzzzzzzzx,,Innes Ward,true,,regions/zzzzzzzzzzzzzzzzzzzw/districts/zzzzzzzzzzzzzzzzzzzx/wards/zzzzzzzzzzzzzzzzzzzq
ward,zzzzzzzzzzzzzzzzzzzr,zzzzzzzzzzzzzzzzzzzx,,Hornby Ward,true,,regions/zzzzzzzzzzzzzzzzzzzw/districts/zzzzzzzzzzzzzzzzzzzx/wards/zzzzzzzzzzzzzzzzzzzr
ward,zzzzzzzzzzzzzzzzzzzs,zzzzzzzzzzzzzzzzzzzx,,Heathcote Ward,true,,regions/zzzzzzzzzzzzzzzzzzzw/districts/zzzzzzzzzzzzzzzzzzzx/wards/zzzzzzzzzzzzzzzzzzzs
ward,zzzzzzzzzzzzzzzzzzzt,zzzzzzzzzzzzzzzzzzzx,,Harewood Ward,true,,regions/zzzzzzzzzzzzzzzzzzzw/districts/zzzzzzzzzzzzzzzzzzzx/wards/zzzzzzzzzzzzzzzzzzzt
ward,zzzzzzzzzzzzzzzzzzzu,zzzzzzzzzzzzzzzzzzzx,,Halswell Ward,true,,regions/zzzzzzzzzzzzzzzzzzzw/districts/zzzzzzzzzzzzzzzzzzzx/wards/zzzzzzzzzzzzzzzzzzzu
ward,zzzzzzzzzzzzzzzzzzzv,zzzzzzzzzzzzzzzzzzzx,,Fendalton Ward,true,,regions/zzzzzzzzzzzzzzzzzzzw/districts/zzzzzzzzzzzzzzzzzzzx/wards/zzzzzzzzzzzzzzzzzzzv
ward,zzzzzzzzzzzzzzzzzzzw,zzzzzzzzzzzzzzzzzzzx,,Coastal Ward,true,,regions/zzzzzzzzzzzzzzzzzzzw/districts/zzzzzzzzzzzzzzzzzzzx/wards/zzzzzzzzzzzzzzzzzzzw
ward,zzzzzzzzzzzzzzzzzzzx,zzzzzzzzzzzzzzzzzzzx,,Central Ward,true,,regions/zzzzzzzzzzzzzzzzzzzw/districts/zzzzzzzzzzzzzzzzzzzx/wards/zzzzzzzzzzzzzzzzzzzx
ward,zzzzzzzzzzzzzzzzzzzy,zzzzzzzzzzzzzzzzzzzx,,Cashmere Ward,true,,regions/zzzzzzzzzzzzzzzzzzzw/districts/zzzzzzzzzzzzzzzzzzzx/wards/zzzzzzzzzzzzzzzzzzzy
district,zzzzzzzzzzzzzzzzzzzx,zzzzzzzzzzzzzzzzzzzw,|||||||||||||||,Christchurch,true,,regions/zzzzzzzzzzzzzzzzzzzw/districts/zzzzzzzzzzzzzzzzzzzx
district,zzzzzzzzzzzzzzzzzzzy,zzzzzzzzzzzzzzzzzzzw,,Ashburton,true,environment-canterbury-mid-canterbury-opakihi-constituency,regions/zzzzzzzzzzzzzzzzzzzw/districts/zzzzzzzzzzzzzzzzzzzy
region,zzzzzzzzzzzzzzzzzzzw,,|||||||||,Canterbury,true,,regions/zzzzzzzzzzzzzzzzzzzw
district,zzzzzzzzzzzzzzzzzzzq,zzzzzzzzzzzzzzzzzzzx,,Tararua,,,regions/zzzzzzzzzzzzzzzzzzzx/districts/zzzzzzzzzzzzzzzzzzzq
district,zzzzzzzzzzzzzzzzzzzr,zzzzzzzzzzzzzzzzzzzx,,South Wairarapa,,,regions/zzzzzzzzzzzzzzzzzzzx/districts/zzzzzzzzzzzzzzzzzzzr
district,zzzzzzzzzzzzzzzzzzzs,zzzzzzzzzzzzzzzzzzzx,,Masterton,,,regions/zzzzzzzzzzzzzzzzzzzx/districts/zzzzzzzzzzzzzzzzzzzs
ward,zzzzzzzzzzzzzzzzzzzu,zzzzzzzzzzzzzzzzzzzt,,Districtwide,true,,regions/zzzzzzzzzzzzzzzzzzzx/districts/zzzzzzzzzzzzzzzzzzzt/wards/zzzzzzzzzzzzzzzzzzzu
ward,zzzzzzzzzzzzzzzzzzzv,zzzzzzzzzzzzzzzzzzzt,,Paekākāriki–Raumati,true,,regions/zzzzzzzzzzzzzzzzzzzx/districts/zzzzzzzzzzzzzzzzzzzt/wards/zzzzzzzzzzzzzzzzzzzv
ward,zzzzzzzzzzzzzzzzzzzw,zzzzzzzzzzzzzzzzzzzt,,Paraparaumu,true,,regions/zzzzzzzzzzzzzzzzzzzx/districts/zzzzzzzzzzzzzzzzzzzt/wards/zzzzzzzzzzzzzzzzzzzw
ward,zzzzzzzzzzzzzzzzzzzx,zzzzzzzzzzzzzzzzzzzt,,Waikanae,true,,regions/zzzzzzzzzzzzzzzzzzzx/districts/zzzzzzzzzzzzzzzzzzzt/wards/zzzzzzzzzzzzzzzzzzzx
ward,zzzzzzzzzzzzzzzzzzzy,zzzzzzzzzzzzzzzzzzzt,,Ōtaki,true,,regions/zzzzzzzzzzzzzzzzzzzx/districts/zzzzzzzzzzzzzzzzzzzt/wards/zzzzzzzzzzzzzzzzzzzy
district,zzzzzzzzzzzzzzzzzzzt,zzzzzzzzzzzzzzzzzzzx,||||,Kāpiti Coast,true,greater-wellington-regional-council-kapiti-coast-constituency,regions/zzzzzzzzzzzzzzzzzzzx/districts/zzzzzzzzzzzzzzzzzzzt
district,zzzzzzzzzzzzzzzzzzzu,zzzzzzzzzzzzzzzzzzzx,,Carterton,,,regions/zzzzzzzzzzzzzzzzzzzx/districts/zzzzzzzzzzzzzzzzzzzu
ward,zzzzzzzzzzzzzzzzzzzs,zzzzzzzzzzzzzzzzzzzv,,Motukairangi/Eastern General Ward,true,,regions/zzzzzzzzzzzzzzzzzzzx/districts/zzzzzzzzzzzzzzzzzzzv/wards/zzzzzzzzzzzzzzzzzzzs
ward,zzzzzzzzzzzzzzzzzzzu,zzzzzzzzzzzzzzzzzzzv,,Te Whanganui-a-Tara Māori Ward,true,,regions/zzzzzzzzzzzzzzzzzzzx/districts/zzzzzzzzzzzzzzzzzzzv/wards/zzzzzzzzzzzzzzzzzzzu
ward,zzzzzzzzzzzzzzzzzzzv,zzzzzzzzzzzzzzzzzzzv,,Paekawakawa/Southern General Ward,true,,regions/zzzzzzzzzzzzzzzzzzzx/districts/zzzzzzzzzzzzzzzzzzzv/wards/zzzzzzzzzzzzzzzzzzzv
ward,zzzzzzzzzzzzzzzzzzzw,zzzzzzzzzzzzzzzzzzzv,,Wharangi/Onslow-Western General Ward,true,,regions/zzzzzzzzzzzzzzzzzzzx/districts/zzzzzzzzzzzzzzzzzzzv/wards/zzzzzzzzzzzzzzzzzzzw
ward,zzzzzzzzzzzzzzzzzzzx,zzzzzzzzzzzzzzzzzzzv,,Takapū/Northern General Ward,true,,regions/zzzzzzzzzzzzzzzzzzzx/districts/zzzzzzzzzzzzzzzzzzzv/wards/zzzzzzzzzzzzzzzzzzzx
ward,zzzzzzzzzzzzzzzzzzzy,zzzzzzzzzzzzzzzzzzzv,,Pukehīnau/Lambton General Ward,true,,regions/zzzzzzzzzzzzzzzzzzzx/districts/zzzzzzzzzzzzzzzzzzzv/wards/zzzzzzzzzzzzzzzzzzzy
district,zzzzzzzzzzzzzzzzzzzv,zzzzzzzzzzzzzzzzzzzx,|||||,Wellington Central,true,greater-wellington-regional-council-poneke-wellington-constituency,regions/zzzzzzzzzzzzzzzzzzzx/districts/zzzzzzzzzzzzzzzzzzzv
ward,zzzzzzzzzzzzzzzzzzzy,zzzzzzzzzzzzzzzzzzzw,,Upper Hutt City Council,true,,regions/zzzzzzzzzzzzzzzzzzzx/districts/zzzzzzzzzzzzzzzzzzzw/wards/zzzzzzzzzzzzzzzzzzzy
district,zzzzzzzzzzzzzzzzzzzw,zzzzzzzzzzzzzzzzzzzx,,Upper Hutt,true,greater-wellington-regional-council-te-awa-kairangi-ki-uta-upper-hutt-constituency,regions/zzzzzzzzzzzzzzzzzzzx/districts/zzzzzzzzzzzzzzzzzzzw
ward,zzzzzzzzzzzzzzzzzzzw,zzzzzzzzzzzzzzzzzzzx,,Parirua Māori Ward,,,regions/zzzzzzzzzzzzzzzzzzzx/districts/zzzzzzzzzzzzzzzzzzzx/wards/zzzzzzzzzzzzzzzzzzzw
ward,zzzzzzzzzzzzzzzzzzzx,zzzzzzzzzzzzzzzzzzzx,,Pāuatahanui General Ward,true,,regions/zzzzzzzzzzzzzzzzzzzx/districts/zzzzzzzzzzzzzzzzzzzx/wards/zzzzzzzzzzzzzzzzzzzx
ward,zzzzzzzzzzzzzzzzzzzy,zzzzzzzzzzzzzzzzzzzx,,Onepoto General Ward,true,,regions/zzzzzzzzzzzzzzzzzzzx/districts/zzzzzzzzzzzzzzzzzzzx/wards/zzzzzzzzzzzzzzzzzzzy
district,zzzzzzzzzzzzzzzzzzzx,zzzzzzzzzzzzzzzzzzzx,||,Porirua,true,greater-wellington-regional-council-porirua-tawa-constituency,regions/zzzzzzzzzzzzzzzzzzzx/districts/zzzzzzzzzzzzzzzzzzzx
ward,zzzzzzzzzzzzzzzzzzzs,zzzzzzzzzzzzzzzzzzzy,,City Wide,true,,regions/zzzzzzzzzzzzzzzzzzzx/districts/zzzzzzzzzzzzzzzzzzzy/wards/zzzzzzzzzzzzzzzzzzzs
ward,zzzzzzzzzzzzzzzzzzzt,zzzzzzzzzzzzzzzzzzzy,,Central Ward,true,,regions/zzzzzzzzzzzzzzzzzzzx/districts/zzzzzzzzzzzzzzzzzzzy/wards/zzzzzzzzzzzzzzzzzzzt
ward,zzzzzzzzzzzzzzzzzzzu,zzzzzzzzzzzzzzzzzzzy,,Eastern Ward,true,,regions/zzzzzzzzzzzzzzzzzzzx/districts/zzzzzzzzzzzzzzzzzzzy/wards/zzzzzzzzzzzzzzzzzzzu
ward,zzzzzzzzzzzzzzzzzzzv,zzzzzzzzzzzzzzzzzzzy,,Harbour Ward,true,,regions/zzzzzzzzzzzzzzzzzzzx/districts/zzzzzzzzzzzzzzzzzzzy/wards/zzzzzzzzzzzzzzzzzzzv
ward,zzzzzzzzzzzzzzzzzzzw,zzzzzzzzzzzzzzzzzzzy,,Northern Ward,true,,regions/zzzzzzzzzzzzzzzzzzzx/districts/zzzzzzzzzzzzzzzzzzzy/wards/zzzzzzzzzzzzzzzzzzzw
ward,zzzzzzzzzzzzzzzzzzzx,zzzzzzzzzzzzzzzzzzzy,,Wainuiomata Ward,true,,regions/zzzzzzzzzzzzzzzzzzzx/districts/zzzzzzzzzzzzzzzzzzzy/wards/zzzzzzzzzzzzzzzzzzzx
ward,zzzzzzzzzzzzzzzzzzzy,zzzzzzzzzzzzzzzzzzzy,,Western Ward,true,,regions/zzzzzzzzzzzzzzzzzzzx/districts/zzzzzzzzzzzzzzzzzzzy/wards/zzzzzzzzzzzzzzzzzzzy
district,zzzzzzzzzzzzzzzzzzzy,zzzzzzzzzzzzzzzzzzzx,||||||,Hutt City,true,greater-wellington-regional-council-te-awa-kairangi-ki-tai-lower-hutt-constituency,regions/zzzzzzzzzzzzzzzzzzzx/districts/zzzzzzzzzzzzzzzzzzzy
region,zzzzzzzzzzzzzzzzzzzx,,||||||||,Wellington,true,,regions/zzzzzzzzzzzzzzzzzzzx
subdivision,zzzzzzzzzzzzzzzzzzzy,zzzzzzzzzzzzzzzzzzzy,,Whau,true,,regions/zzzzzzzzzzzzzzzzzzzy/districts/zzzzzzzzzzzzzzzzzzzy/wards/5LcejaRWTJoYW3rI9mgI/boards/zzzzzzzzzzzzzzzzzzzy/subdivisions/zzzzzzzzzzzzzzzzzzzy
board,zzzzzzzzzzzzzzzzzzzy,5LcejaRWTJoYW3rI9mgI,,Whau,true,,regions/zzzzzzzzzzzzzzzzzzzy/districts/zzzzzzzzzzzzzzzzzzzy/wards/5LcejaRWTJoYW3rI9mgI/boards/zzzzzzzzzzzzzzzzzzzy
ward,5LcejaRWTJoYW3rI9mgI,zzzzzzzzzzzzzzzzzzzy,,Whau,true,,regions/zzzzzzzzzzzzzzzzzzzy/districts/zzzzzzzzzzzzzzzzzzzy/wards/5LcejaRWTJoYW3rI9mgI
subdivision,zzzzzzzzzzzzzzzzzzzy,zzzzzzzzzzzzzzzzzzzw,,Aotea Great Barrier,true,,regions/zzzzzzzzzzzzzzzzzzzy/districts/zzzzzzzzzzzzzzzzzzzy/wards/5LcejaRWTJoYW3rI9mgJ/boards/zzzzzzzzzzzzzzzzzzzw/subdivisions/zzzzzzzzzzzzzzzzzzzy
board,zzzzzzzzzzzzzzzzzzzw,5LcejaRWTJoYW3rI9mgJ,,Aotea Great Barrier,true,,regions/zzzzzzzzzzzzzzzzzzzy/districts/zzzzzzzzzzzzzzzzzzzy/wards/5LcejaRWTJoYW3rI9mgJ/boards/zzzzzzzzzzzzzzzzzzzw
subdivision,zzzzzzzzzzzzzzzzzzzy,zzzzzzzzzzzzzzzzzzzx,,Waiheke,true,,regions/zzzzzzzzzzzzzzzzzzzy/districts/zzzzzzzzzzzzzzzzzzzy/wards/5LcejaRWTJoYW3rI9mgJ/boards/zzzzzzzzzzzzzzzzzzzx/subdivisions/zzzzzzzzzzzzzzzzzzzy
board,zzzzzzzzzzzzzzzzzzzx,5LcejaRWTJoYW3rI9mgJ,,Waiheke,true,,regions/zzzzzzzzzzzzzzzzzzzy/districts/zzzzzzzzzzzzzzzzzzzy/wards/5LcejaRWTJoYW3rI9mgJ/boards/zzzzzzzzzzzzzzzzzzzx
subdivision,zzzzzzzzzzzzzzzzzzzy,zzzzzzzzzzzzzzzzzzzy,,Waitematā,true,,regions/zzzzzzzzzzzzzzzzzzzy/districts/zzzzzzzzzzzzzzzzzzzy/wards/5LcejaRWTJoYW3rI9mgJ/boards/zzzzzzzzzzzzzzzzzzzy/subdivisions/zzzzzzzzzzzzzzzzzzzy
board,zzzzzzzzzzzzzzzzzzzy,5LcejaRWTJoYW3rI9mgJ,,Waitematā,true,,regions/zzzzzzzzzzzzzzzzzzzy/districts/zzzzzzzzzzzzzzzzzzzy/wards/5LcejaRWTJoYW3rI9mgJ/boards/zzzzzzzzzzzzzzzzzzzy
ward,5LcejaRWTJoYW3rI9mgJ,zzzzzzzzzzzzzzzzzzzy,||,Waitematā and Gulf,true,,regions/zzzzzzzzzzzzzzzzzzzy/districts/zzzzzzzzzzzzzzzzzzzy/wards/5LcejaRWTJoYW3rI9mgJ
subdivision,zzzzzzzzzzzzzzzzzzzy,zzzzzzzzzzzzzzzzzzzx,,Henderson-Massey,true,,regions/zzzzzzzzzzzzzzzzzzzy/districts/zzzzzzzzzzzzzzzzzzzy/wards/5LcejaRWTJoYW3rI9mgK/boards/zzzzzzzzzzzzzzzzzzzx/subdivisions/zzzzzzzzzzzzzzzzzzzy
board,zzzzzzzzzzzzzzzzzzzx,5LcejaRWTJoYW3rI9mgK,,Henderson-Massey,true,,regions/zzzzzzzzzzzzzzzzzzzy/districts/zzzzzzzzzzzzzzzzzzzy/wards/5LcejaRWTJoYW3rI9mgK/boards/zzzzzzzzzzzzzzzzzzzx
subdivision,zzzzzzzzzzzzzzzzzzzy,zzzzzzzzzzzzzzzzzzzy,,Waitākere Ranges,true,,regions/zzzzzzzzzzzzzzzzzzzy/districts/zzzzzzzzzzzzzzzzzzzy/wards/5LcejaRWTJoYW3rI9mgK/boards/zzzzzzzzzzzzzzzzzzzy/subdivisions/zzzzzzzzzzzzzzzzzzzy
board,zzzzzzzzzzzzzzzzzzzy,5LcejaRWTJoYW3rI9mgK,,Waitākere Ranges,true,,regions/zzzzzzzzzzzzzzzzzzzy/districts/zzzzzzzzzzzzzzzzzzzy/wards/5LcejaRWTJoYW3rI9mgK/boards/zzzzzzzzzzzzzzzzzzzy
ward,5LcejaRWTJoYW3rI9mgK,zzzzzzzzzzzzzzzzzzzy,|,Waitākere,true,,regions/zzzzzzzzzzzzzzzzzzzy/districts/zzzzzzzzzzzzzzzzzzzy/wards/5LcejaRWTJoYW3rI9mgK
subdivision,zzzzzzzzzzzzzzzzzzzv,zzzzzzzzzzzzzzzzzzzy,,Wellsford,true,,regions/zzzzzzzzzzzzzzzzzzzy/districts/zzzzzzzzzzzzzzzzzzzy/wards/5LcejaRWTJoYW3rI9mgL/boards/zzzzzzzzzzzzzzzzzzzy/subdivisions/zzzzzzzzzzzzzzzzzzzv
subdivision,zzzzzzzzzzzzzzzzzzzw,zzzzzzzzzzzzzzzzzzzy,,Warkworth,true,,regions/zzzzzzzzzzzzzzzzzzzy/districts/zzzzzzzzzzzzzzzzzzzy/wards/5LcejaRWTJoYW3rI9mgL/boards/zzzzzzzzzzzzzzzzzzzy/subdivisions/zzzzzzzzzzzzzzzzzzzw
subdivision,zzzzzzzzzzzzzzzzzzzx,zzzzzzzzzzzzzzzzzzzy,,Kumeū,true,,regions/zzzzzzzzzzzzzzzzzzzy/districts/zzzzzzzzzzzzzzzzzzzy/wards/5LcejaRWTJoYW3rI9mgL/boards/zzzzzzzzzzzzzzzzzzzy/subdivisions/zzzzzzzzzzzzzzzzzzzx
subdivision,zzzzzzzzzzzzzzzzzzzy,zzzzzzzzzzzzzzzzzzzy,,Dairy Flat,true,,regions/zzzzzzzzzzzzzzzzzzzy/districts/zzzzzzzzzzzzzzzzzzzy/wards/5LcejaRWTJoYW3rI9mgL/boards/zzzzzzzzzzzzzzzzzzzy/subdivisions/zzzzzzzzzzzzzzzzzzzy
board,zzzzzzzzzzzzzzzzzzzy,5LcejaRWTJoYW3rI9mgL,|||,Rodney,true,,regions/zzzzzzzzzzzzzzzzzzzy/districts/zzzzzzzzzzzzzzzzzzzy/wards/5LcejaRWTJoYW3rI9mgL/boards/zzzzzzzzzzzzzzzzzzzy
ward,5LcejaRWTJoYW3rI9mgL,zzzzzzzzzzzzzzzzzzzy,,Rodney,true,,regions/zzzzzzzzzzzzzzzzzzzy/districts/zzzzzzzzzzzzzzzzzzzy/wards/5LcejaRWTJoYW3rI9mgL
subdivision,zzzzzzzzzzzzzzzzzzzx,zzzzzzzzzzzzzzzzzzzw,,Ōwairaka,true,,regions/zzzzzzzzzzzzzzzzzzzy/districts/zzzzzzzzzzzzzzzzzzzy/wards/5LcejaRWTJoYW3rI9mgM/boards/zzzzzzzzzzzzzzzzzzzw/subdivisions/zzzzzzzzzzzzzzzzzzzx
subdivision,zzzzzzzzzzzzzzzzzzzy,zzzzzzzzzzzzzzzzzzzw,,Maungawhau,true,,regions/zzzzzzzzzzzzzzzzzzzy/districts/zzzzzzzzzzzzzzzzzzzy/wards/5LcejaRWTJoYW3rI9mgM/boards/zzzzzzzzzzzzzzzzzzzw/subdivisions/zzzzzzzzzzzzzzzzzzzy
board,zzzzzzzzzzzzzzzzzzzw,5LcejaRWTJoYW3rI9mgM,|,Albert-Eden,true,,regions/zzzzzzzzzzzzzzzzzzzy/districts/zzzzzzzzzzzzzzzzzzzy/wards/5LcejaRWTJoYW3rI9mgM/boards/zzzzzzzzzzzzzzzzzzzw
subdivision,zzzzzzzzzzzzzzzzzzzy,zzzzzzzzzzzzzzzzzzzx,,Ōrākei,true,,regions/zzzzzzzzzzzzzzzzzzzy/districts/zzzzzzzzzzzzzzzzzzzy/wards/5LcejaRWTJoYW3rI9mgM/boards/zzzzzzzzzzzzzzzzzzzx/subdivisions/zzzzzzzzzzzzzzzzzzzy
board,zzzzzzzzzzzzzzzzzzzx,5LcejaRWTJoYW3rI9mgM,,Ōrākei,true,,regions/zzzzzzzzzzzzzzzzzzzy/districts/zzzzzzzzzzzzzzzzzzzy/wards/5LcejaRWTJoYW3rI9mgM/boards/zzzzzzzzzzzzzzzzzzzx
subdivision,zzzzzzzzzzzzzzzzzzzy,zzzzzzzzzzzzzzzzzzzy,,Waitematā,true,,regions/zzzzzzzzzzzzzzzzzzzy/districts/zzzzzzzzzzzzzzzzzzzy/wards/5LcejaRWTJoYW3rI9mgM/boards/zzzzzzzzzzzzzzzzzzzy/subdivisions/zzzzzzzzzzzzzzzzzzzy
board,zzzzzzzzzzzzzzzzzzzy,5LcejaRWTJoYW3rI9mgM,,Waitematā,true,,regions/zzzzzzzzzzzzzzzzzzzy/districts/zzzzzzzzzzzzzzzzzzzy/wards/5LcejaRWTJoYW3rI9mgM/boards/zzzzzzzzzzzzzzzzzzzy
ward,5LcejaRWTJoYW3rI9mgM,zzzzzzzzzzzzzzzzzzzy,||,Ōrākei,true,,regions/zzzzzzzzzzzzzzzzzzzy/districts/zzzzzzzzzzzzzzzzzzzy/wards/5LcejaRWTJoYW3rI9mgM
subdivision,zzzzzzzzzzzzzzzzzzzy,zzzzzzzzzzzzzzzzzzzx,,Kaipātiki,true,,regions/zzzzzzzzzzzzzzzzzzzy/districts/zzzzzzzzzzzzzzzzzzzy/wards/5LcejaRWTJoYW3rI9mgN/boards/zzzzzzzzzzzzzzzzzzzx/subdivisions/zzzzzzzzzzzzzzzzzzzy
board,zzzzzzzzzzzzzzzzzzzx,5LcejaRWTJoYW3rI9mgN,,Kaipātiki,true,,regions/zzzzzzzzzzzzzzzzzzzy/districts/zzzzzzzzzzzzzzzzzzzy/wards/5LcejaRWTJoYW3rI9mgN/boards/zzzzzzzzzzzzzzzzzzzx
subdivision,zzzzzzzzzzzzzzzzzzzy,zzzzzzzzzzzzzzzzzzzy,,Devonport-Takapuna,true,,regions/zzzzzzzzzzzzzzzzzzzy/districts/zzzzzzzzzzzzzzzzzzzy/wards/5LcejaRWTJoYW3rI9mgN/boards/zzzzzzzzzzzzzzzzzzzy/subdivisions/zzzzzzzzzzzzzzzzzzzy
board,zzzzzzzzzzzzzzzzzzzy,5LcejaRWTJoYW3rI9mgN,,Devonport-Takapuna,true,,regions/zzzzzzzzzzzzzzzzzzzy/districts/zzzzzzzzzzzzzzzzzzzy/wards/5LcejaRWTJoYW3rI9mgN/boards/zzzzzzzzzzzzzzzzzzzy
ward,5LcejaRWTJoYW3rI9mgN,zzzzzzzzzzzzzzzzzzzy,|,North Shore,true,,regions/zzzzzzzzzzzzzzzzzzzy/districts/zzzzzzzzzzzzzzzzzzzy/wards/5LcejaRWTJoYW3rI9mgN
subdivision,zzzzzzzzzzzzzzzzzzzx,zzzzzzzzzzzzzzzzzzzx,,Papatoetoe,true,,regions/zzzzzzzzzzzzzzzzzzzy/districts/zzzzzzzzzzzzzzzzzzzy/wards/AULpQphVk9eQc7uW9vQY/boards/zzzzzzzzzzzzzzzzzzzx/subdivisions/zzzzzzzzzzzzzzzzzzzx
subdivision,zzzzzzzzzzzzzzzzzzzy,zzzzzzzzzzzzzzzzzzzx,,Ōtara,true,,regions/zzzzzzzzzzzzzzzzzzzy/districts/zzzzzzzzzzzzzzzzzzzy/wards/AULpQphVk9eQc7uW9vQY/boards/zzzzzzzzzzzzzzzzzzzx/subdivisions/zzzzzzzzzzzzzzzzzzzy
board,zzzzzzzzzzzzzzzzzzzx,AULpQphVk9eQc7uW9vQY,|,Ōtara-Papatoetoe,true,,regions/zzzzzzzzzzzzzzzzzzzy/districts/zzzzzzzzzzzzzzzzzzzy/wards/AULpQphVk9eQc7uW9vQY/boards/zzzzzzzzzzzzzzzzzzzx
subdivision,zzzzzzzzzzzzzzzzzzzy,zzzzzzzzzzzzzzzzzzzy,,Māngere-Ōtāhuhu,true,,regions/zzzzzzzzzzzzzzzzzzzy/districts/zzzzzzzzzzzzzzzzzzzy/wards/AULpQphVk9eQc7uW9vQY/boards/zzzzzzzzzzzzzzzzzzzy/subdivisions/zzzzzzzzzzzzzzzzzzzy
board,zzzzzzzzzzzzzzzzzzzy,AULpQphVk9eQc7uW9vQY,,Māngere-Ōtāhuhu,true,,regions/zzzzzzzzzzzzzzzzzzzy/districts/zzzzzzzzzzzzzzzzzzzy/wards/AULpQphVk9eQc7uW9vQY/boards/zzzzzzzzzzzzzzzzzzzy
ward,AULpQphVk9eQc7uW9vQY,zzzzzzzzzzzzzzzzzzzy,|,Manukau,true,,regions/zzzzzzzzzzzzzzzzzzzy/districts/zzzzzzzzzzzzzzzzzzzy/wards/AULpQphVk9eQc7uW9vQY
subdivision,zzzzzzzzzzzzzzzzzzzy,zzzzzzzzzzzzzzzzzzzx,,Papakura,true,,regions/zzzzzzzzzzzzzzzzzzzy/districts/zzzzzzzzzzzzzzzzzzzy/wards/cHFa1VnpIhfeIld4ArBo/boards/zzzzzzzzzzzzzzzzzzzx/subdivisions/zzzzzzzzzzzzzzzzzzzy
board,zzzzzzzzzzzzzzzzzzzx,cHFa1VnpIhfeIld4ArBo,,Papakura,true,,regions/zzzzzzzzzzzzzzzzzzzy/districts/zzzzzzzzzzzzzzzzzzzy/wards/cHFa1VnpIhfeIld4ArBo/boards/zzzzzzzzzzzzzzzzzzzx
subdivision,zzzzzzzzzzzzzzzzzzzy,zzzzzzzzzzzzzzzzzzzy,,Manurewa,true,,regions/zzzzzzzzzzzzzzzzzzzy/districts/zzzzzzzzzzzzzzzzzzzy/wards/cHFa1VnpIhfeIld4ArBo/boards/zzzzzzzzzzzzzzzzzzzy/subdivisions/zzzzzzzzzzzzzzzzzzzy
board,zzzzzzzzzzzzzzzzzzzy,cHFa1VnpIhfeIld4ArBo,,Manurewa,true,,regions/zzzzzzzzzzzzzzzzzzzy/districts/zzzzzzzzzzzzzzzzzzzy/wards/cHFa1VnpIhfeIld4ArBo/boards/zzzzzzzzzzzzzzzzzzzy
ward,cHFa1VnpIhfeIld4ArBo,zzzzzzzzzzzzzzzzzzzy,|,Manurewa-Papakura,true,,regions/zzzzzzzzzzzzzzzzzzzy/districts/zzzzzzzzzzzzzzzzzzzy/wards/cHFa1VnpIhfeIld4ArBo
subdivision,zzzzzzzzzzzzzzzzzzzx,zzzzzzzzzzzzzzzzzzzw,,Ōwairaka,true,,regions/zzzzzzzzzzzzzzzzzzzy/districts/zzzzzzzzzzzzzzzzzzzy/wards/iYYyRiS14684v1Zl9QKO/boards/zzzzzzzzzzzzzzzzzzzw/subdivisions/zzzzzzzzzzzzzzzzzzzx
subdivision,zzzzzzzzzzzzzzzzzzzy,zzzzzzzzzzzzzzzzzzzw,,Maungawhau,true,,regions/zzzzzzzzzzzzzzzzzzzy/districts/zzzzzzzzzzzzzzzzzzzy/wards/iYYyRiS14684v1Zl9QKO/boards/zzzzzzzzzzzzzzzzzzzw/subdivisions/zzzzzzzzzzzzzzzzzzzy
board,zzzzzzzzzzzzzzzzzzzw,iYYyRiS14684v1Zl9QKO,|,Albert-Eden,true,,regions/zzzzzzzzzzzzzzzzzzzy/districts/zzzzzzzzzzzzzzzzzzzy/wards/iYYyRiS14684v1Zl9QKO/boards/zzzzzzzzzzzzzzzzzzzw
subdivision,zzzzzzzzzzzzzzzzzzzy,zzzzzzzzzzzzzzzzzzzx,,Ōrākei,true,,regions/zzzzzzzzzzzzzzzzzzzy/districts/zzzzzzzzzzzzzzzzzzzy/wards/iYYyRiS14684v1Zl9QKO/boards/zzzzzzzzzzzzzzzzzzzx/subdivisions/zzzzzzzzzzzzzzzzzzzy
board,zzzzzzzzzzzzzzzzzzzx,iYYyRiS14684v1Zl9QKO,,Ōrākei,true,,regions/zzzzzzzzzzzzzzzzzzzy/districts/zzzzzzzzzzzzzzzzzzzy/wards/iYYyRiS14684v1Zl9QKO/boards/zzzzzzzzzzzzzzzzzzzx
subdivision,zzzzzzzzzzzzzzzzzzzx,zzzzzzzzzzzzzzzzzzzy,,Tāmaki,true,,regions/zzzzzzzzzzzzzzzzzzzy/districts/zzzzzzzzzzzzzzzzzzzy/wards/iYYyRiS14684v1Zl9QKO/boards/zzzzzzzzzzzzzzzzzzzy/subdivisions/zzzzzzzzzzzzzzzzzzzx
subdivision,zzzzzzzzzzzzzzzzzzzy,zzzzzzzzzzzzzzzzzzzy,,Maungakiekie,true,,regions/zzzzzzzzzzzzzzzzzzzy/districts/zzzzzzzzzzzzzzzzzzzy/wards/iYYyRiS14684v1Zl9QKO/boards/zzzzzzzzzzzzzzzzzzzy/subdivisions/zzzzzzzzzzzzzzzzzzzy
board,zzzzzzzzzzzzzzzzzzzy,iYYyRiS14684v1Zl9QKO,|,Maungakiekie-Tāmaki,true,,regions/zzzzzzzzzzzzzzzzzzzy/districts/zzzzzzzzzzzzzzzzzzzy/wards/iYYyRiS14684v1Zl9QKO/boards/zzzzzzzzzzzzzzzzzzzy
ward,iYYyRiS14684v1Zl9QKO,zzzzzzzzzzzzzzzzzzzy,||,Maungakiekie-Tāmaki,true,,regions/zzzzzzzzzzzzzzzzzzzy/districts/zzzzzzzzzzzzzzzzzzzy/wards/iYYyRiS14684v1Zl9QKO
subdivision,zzzzzzzzzzzzzzzzzzzw,zzzzzzzzzzzzzzzzzzzw,,Pakuranga,true,,regions/zzzzzzzzzzzzzzzzzzzy/districts/zzzzzzzzzzzzzzzzzzzy/wards/sNe0C0FCLog9KuvwGPxF/boards/zzzzzzzzzzzzzzzzzzzw/subdivisions/zzzzzzzzzzzzzzzzzzzw
subdivision,zzzzzzzzzzzzzzzzzzzx,zzzzzzzzzzzzzzzzzzzw,,Howick,true,,regions/zzzzzzzzzzzzzzzzzzzy/districts/zzzzzzzzzzzzzzzzzzzy/wards/sNe0C0FCLog9KuvwGPxF/boards/zzzzzzzzzzzzzzzzzzzw/subdivisions/zzzzzzzzzzzzzzzzzzzx
subdivision,zzzzzzzzzzzzzzzzzzzy,zzzzzzzzzzzzzzzzzzzw,,Botany,true,,regions/zzzzzzzzzzzzzzzzzzzy/districts/zzzzzzzzzzzzzzzzzzzy/wards/sNe0C0FCLog9KuvwGPxF/boards/zzzzzzzzzzzzzzzzzzzw/subdivisions/zzzzzzzzzzzzzzzzzzzy
board,zzzzzzzzzzzzzzzzzzzw,sNe0C0FCLog9KuvwGPxF,||,Howick,true,,regions/zzzzzzzzzzzzzzzzzzzy/districts/zzzzzzzzzzzzzzzzzzzy/wards/sNe0C0FCLog9KuvwGPxF/boards/zzzzzzzzzzzzzzzzzzzw
ward,sNe0C0FCLog9KuvwGPxF,zzzzzzzzzzzzzzzzzzzy,,Howick,true,,regions/zzzzzzzzzzzzzzzzzzzy/districts/zzzzzzzzzzzzzzzzzzzy/wards/sNe0C0FCLog9KuvwGPxF
subdivision,zzzzzzzzzzzzzzzzzzzw,zzzzzzzzzzzzzzzzzzzy,,Waiuku,true,,regions/zzzzzzzzzzzzzzzzzzzy/districts/zzzzzzzzzzzzzzzzzzzy/wards/zzzzzzzzzzzzzzzzzzzw/boards/zzzzzzzzzzzzzzzzzzzy/subdivisions/zzzzzzzzzzzzzzzzzzzw
subdivision,zzzzzzzzzzzzzzzzzzzx,zzzzzzzzzzzzzzzzzzzy,,Wairoa,true,,regions/zzzzzzzzzzzzzzzzzzzy/districts/zzzzzzzzzzzzzzzzzzzy/wards/zzzzzzzzzzzzzzzzzzzw/boards/zzzzzzzzzzzzzzzzzzzy/subdivisions/zzzzzzzzzzzzzzzzzzzx
subdivision,zzzzzzzzzzzzzzzzzzzy,zzzzzzzzzzzzzzzzzzzy,,Pukekohe,true,,regions/zzzzzzzzzzzzzzzzzzzy/districts/zzzzzzzzzzzzzzzzzzzy/wards/zzzzzzzzzzzzzzzzzzzw/boards/zzzzzzzzzzzzzzzzzzzy/subdivisions/zzzzzzzzzzzzzzzzzzzy
board,zzzzzzzzzzzzzzzzzzzy,zzzzzzzzzzzzzzzzzzzw,||,Franklin,true,,regions/zzzzzzzzzzzzzzzzzzzy/districts/zzzzzzzzzzzzzzzzzzzy/wards/zzzzzzzzzzzzzzzzzzzw/boards/zzzzzzzzzzzzzzzzzzzy
ward,zzzzzzzzzzzzzzzzzzzw,zzzzzzzzzzzzzzzzzzzy,,Franklin,true,,regions/zzzzzzzzzzzzzzzzzzzy/districts/zzzzzzzzzzzzzzzzzzzy/wards/zzzzzzzzzzzzzzzzzzzw
subdivision,zzzzzzzzzzzzzzzzzzzx,zzzzzzzzzzzzzzzzzzzv,,Ōwairaka,true,,regions/zzzzzzzzzzzzzzzzzzzy/districts/zzzzzzzzzzzzzzzzzzzy/wards/zzzzzzzzzzzzzzzzzzzx/boards/zzzzzzzzzzzzzzzzzzzv/subdivisions/zzzzzzzzzzzzzzzzzzzx
subdivision,zzzzzzzzzzzzzzzzzzzy,zzzzzzzzzzzzzzzzzzzv,,Maungawhau,true,,regions/zzzzzzzzzzzzzzzzzzzy/districts/zzzzzzzzzzzzzzzzzzzy/wards/zzzzzzzzzzzzzzzzzzzx/boards/zzzzzzzzzzzzzzzzzzzv/subdivisions/zzzzzzzzzzzzzzzzzzzy
board,zzzzzzzzzzzzzzzzzzzv,zzzzzzzzzzzzzzzzzzzx,|,Albert-Eden,true,,regions/zzzzzzzzzzzzzzzzzzzy/districts/zzzzzzzzzzzzzzzzzzzy/wards/zzzzzzzzzzzzzzzzzzzx/boards/zzzzzzzzzzzzzzzzzzzv
subdivision,zzzzzzzzzzzzzzzzzzzx,zzzzzzzzzzzzzzzzzzzw,,Tāmaki,true,,regions/zzzzzzzzzzzzzzzzzzzy/districts/zzzzzzzzzzzzzzzzzzzy/wards/zzzzzzzzzzzzzzzzzzzx/boards/zzzzzzzzzzzzzzzzzzzw/subdivisions/zzzzzzzzzzzzzzzzzzzx
subdivision,zzzzzzzzzzzzzzzzzzzy,zzzzzzzzzzzzzzzzzzzw,,Maungakiekie,true,,regions/zzzzzzzzzzzzzzzzzzzy/districts/zzzzzzzzzzzzzzzzzzzy/wards/zzzzzzzzzzzzzzzzzzzx/boards/zzzzzzzzzzzzzzzzzzzw/subdivisions/zzzzzzzzzzzzzzzzzzzy
board,zzzzzzzzzzzzzzzzzzzw,zzzzzzzzzzzzzzzzzzzx,|,Maungakiekie-Tāmaki,true,,regions/zzzzzzzzzzzzzzzzzzzy/districts/zzzzzzzzzzzzzzzzzzzy/wards/zzzzzzzzzzzzzzzzzzzx/boards/zzzzzzzzzzzzzzzzzzzw
subdivision,zzzzzzzzzzzzzzzzzzzy,zzzzzzzzzzzzzzzzzzzx,,Puketāpapa,true,,regions/zzzzzzzzzzzzzzzzzzzy/districts/zzzzzzzzzzzzzzzzzzzy/wards/zzzzzzzzzzzzzzzzzzzx/boards/zzzzzzzzzzzzzzzzzzzx/subdivisions/zzzzzzzzzzzzzzzzzzzy
board,zzzzzzzzzzzzzzzzzzzx,zzzzzzzzzzzzzzzzzzzx,,Puketāpapa,true,,regions/zzzzzzzzzzzzzzzzzzzy/districts/zzzzzzzzzzzzzzzzzzzy/wards/zzzzzzzzzzzzzzzzzzzx/boards/zzzzzzzzzzzzzzzzzzzx
subdivision,zzzzzzzzzzzzzzzzzzzy,zzzzzzzzzzzzzzzzzzzy,,Waitematā,true,,regions/zzzzzzzzzzzzzzzzzzzy/districts/zzzzzzzzzzzzzzzzzzzy/wards/zzzzzzzzzzzzzzzzzzzx/boards/zzzzzzzzzzzzzzzzzzzy/subdivisions/zzzzzzzzzzzzzzzzzzzy
board,zzzzzzzzzzzzzzzzzzzy,zzzzzzzzzzzzzzzzzzzx,,Waitematā,true,,regions/zzzzzzzzzzzzzzzzzzzy/districts/zzzzzzzzzzzzzzzzzzzy/wards/zzzzzzzzzzzzzzzzzzzx/boards/zzzzzzzzzzzzzzzzzzzy
ward,zzzzzzzzzzzzzzzzzzzx,zzzzzzzzzzzzzzzzzzzy,|||,Albert-Eden-Puketāpapa,true,,regions/zzzzzzzzzzzzzzzzzzzy/districts/zzzzzzzzzzzzzzzzzzzy/wards/zzzzzzzzzzzzzzzzzzzx
subdivision,zzzzzzzzzzzzzzzzzzzx,zzzzzzzzzzzzzzzzzzzx,,East Coast Bays,true,,regions/zzzzzzzzzzzzzzzzzzzy/districts/zzzzzzzzzzzzzzzzzzzy/wards/zzzzzzzzzzzzzzzzzzzy/boards/zzzzzzzzzzzzzzzzzzzx/subdivisions/zzzzzzzzzzzzzzzzzzzx
subdivision,zzzzzzzzzzzzzzzzzzzy,zzzzzzzzzzzzzzzzzzzx,,Hibiscus Coast,true,,regions/zzzzzzzzzzzzzzzzzzzy/districts/zzzzzzzzzzzzzzzzzzzy/wards/zzzzzzzzzzzzzzzzzzzy/boards/zzzzzzzzzzzzzzzzzzzx/subdivisions/zzzzzzzzzzzzzzzzzzzy
board,zzzzzzzzzzzzzzzzzzzx,zzzzzzzzzzzzzzzzzzzy,|,Hibiscus and Bays,true,,regions/zzzzzzzzzzzzzzzzzzzy/districts/zzzzzzzzzzzzzzzzzzzy/wards/zzzzzzzzzzzzzzzzzzzy/boards/zzzzzzzzzzzzzzzzzzzx
subdivision,zzzzzzzzzzzzzzzzzzzy,zzzzzzzzzzzzzzzzzzzy,,Upper Harbour,true,,regions/zzzzzzzzzzzzzzzzzzzy/districts/zzzzzzzzzzzzzzzzzzzy/wards/zzzzzzzzzzzzzzzzzzzy/boards/zzzzzzzzzzzzzzzzzzzy/subdivisions/zzzzzzzzzzzzzzzzzzzy
board,zzzzzzzzzzzzzzzzzzzy,zzzzzzzzzzzzzzzzzzzy,,Upper Harbour,true,,regions/zzzzzzzzzzzzzzzzzzzy/districts/zzzzzzzzzzzzzzzzzzzy/wards/zzzzzzzzzzzzzzzzzzzy/boards/zzzzzzzzzzzzzzzzzzzy
ward,zzzzzzzzzzzzzzzzzzzy,zzzzzzzzzzzzzzzzzzzy,|,Albany,true,,regions/zzzzzzzzzzzzzzzzzzzy/districts/zzzzzzzzzzzzzzzzzzzy/wards/zzzzzzzzzzzzzzzzzzzy
district,zzzzzzzzzzzzzzzzzzzy,zzzzzzzzzzzzzzzzzzzy,||||||||||||,Auckland,true,,regions/zzzzzzzzzzzzzzzzzzzy/districts/zzzzzzzzzzzzzzzzzzzy
region,zzzzzzzzzzzzzzzzzzzy,,,Auckland,true,,regions/zzzzzzzzzzzzzzzzzzzy
