_createdBy,name,include,enrolBy,starting,ending,how,_updatedBy,contact,id
[object Object],Canterbury,true,[object Object],[object Object],[object Object],FPP,[object Object],christchurch@generationzero.org.nz,zzzzzzzzzzzzzzzzzzzw
[object Object],Waitaki,true,,,,,[object Object],,zzzzzzzzzzzzzzzzzzzp
[object Object],Elizabeth McKenzie,,,,,,[object Object],,3368xoonkYPEl8PBgUrt
[object Object],Nick Ward,,,,,,[object Object],,v6x72LUEiwWVzjhGYWIH
[object Object],Waimate,true,,,,,[object Object],,zzzzzzzzzzzzzzzzzzzq
[object Object],Elizabeth McKenzie,,,,,,[object Object],,W0XjOunE9KtNemGTGTdP
[object Object],Nick Ward,,,,,,[object Object],,ivlpS7mkxglVDSiBBNaG
[object Object],Waimakariri,true,,,,FPP,[object Object],,zzzzzzzzzzzzzzzzzzzr
[object Object],Rangiora-Ashley Ward,true,,,,,[object Object],,zzzzzzzzzzzzzzzzzzzx
[object Object],David Harnett,,,,,,[object Object],,zzzzzzzzzzzzzzzzzzzx
[object Object],Padi Nistala,,,,,,[object Object],,zzzzzzzzzzzzzzzzzzzy
[object Object],Kaiapoi-Woodend Ward,true,,,,,[object Object],,zzzzzzzzzzzzzzzzzzzy
[object Object],Brent Cairns,,,,,,[object Object],,zzzzzzzzzzzzzzzzzzzx
[object Object],Joel Mclachlan,,,,,,[object Object],,zzzzzzzzzzzzzzzzzzzy
[object Object],Grant Edge,,,,,,[object Object],,4ktSkNaet1gpwYSKQZ3h
[object Object],Rachel Vaughan,,,,,,[object Object],,fOtOyjAwmlsxwR8fBkJ7
[object Object],Timaru,true,,,,,[object Object],,zzzzzzzzzzzzzzzzzzzs
[object Object],Elizabeth McKenzie,,,,,,[object Object],,6HheOVoF95P7J2l0YU2w
[object Object],Nick Ward,,,,,,[object Object],,7YvOF348YVdotBMa9O9P
[object Object],Selwyn,true,,,,FPP,[object Object],,zzzzzzzzzzzzzzzzzzzt
[object Object],Rolleston Ward,true,,,,,[object Object],,zzzzzzzzzzzzzzzzzzzy
[object Object],Sophie McInnes,,,,,,[object Object],,zzzzzzzzzzzzzzzzzzzy
[object Object],John Sunckell,,,,,,[object Object],,PKFgFSsoSavRWl7TXitZ
[object Object],Mackenzie,true,,,,,[object Object],,zzzzzzzzzzzzzzzzzzzu
[object Object],Elizabeth McKenzie,,,,,,[object Object],,3v5WzHtFBcVhfEvKyNZc
[object Object],Nick Ward,,,,,,[object Object],,JZNPjXSlEpoT5oxVrhii
[object Object],Kaikoura,true,,,,,[object Object],,zzzzzzzzzzzzzzzzzzzv
[object Object],Rachel Vaughan,,,,,,[object Object],,4xpbm7FSwGcMd6Whd260
[object Object],Grant Edge,,,,,,[object Object],,VDTQmqPmBZlVDObbO8R3
[object Object],Hurunui,true,,,,,[object Object],,zzzzzzzzzzzzzzzzzzzw
[object Object],Rachel Vaughan,,,,,,[object Object],,XddVRldfz5HfR9My2GGP
[object Object],Grant Edge,,,,,,[object Object],,iB6PSfcZkpX5hurmPBaZ
[object Object],Christchurch,true,,,,FPP,[object Object],,zzzzzzzzzzzzzzzzzzzx
[object Object],Sam Park,,,,,,[object Object],,2C7rgWQBhr08vEOzJXMw
[object Object],Phil Mauger,,,,,,[object Object],,h5fC6kOeSgrNMaRlGjMk
[object Object],Mark Chirnside,,,,,,[object Object],,kBuO9MrJ93x0SgMQKJv5
[object Object],David Meates,,,,,,[object Object],,rI0NGcTZMzTn0G4Upfdv
[object Object],Banks Peninsula Ward,true,,,,,[object Object],,IxSxuB4yKBAIK06fieCk
[object Object],Burwood Ward,true,,,,,[object Object],,zzzzzzzzzzzzzzzzzzzk
[object Object],Michelle Lomax,,,,,,[object Object],,zzzzzzzzzzzzzzzzzzzy
[object Object],Waimairi Ward,true,,,,,[object Object],,zzzzzzzzzzzzzzzzzzzl
[object Object],Kevin List,,,,,,[object Object],,YleGd7XldcDVPeqFk3I5
[object Object],Laly Samuel,,,,,,[object Object],,mHsILZ81dRylHTsXOtLa
[object Object],Sam MacDonald,,,,,,[object Object],,rcf8I93AmBVOORD6wh3D
[object Object],Spreydon Ward,true,,,,,[object Object],,zzzzzzzzzzzzzzzzzzzm
[object Object],Melanie Coker,,,,,,[object Object],,JlndNuU5mdZHcq4wNYJu
[object Object],Sam Lu,,,,,,[object Object],,RCi1iVafzPPp3uPQdKQI
[object Object],Riccarton Ward,true,,,,,[object Object],,zzzzzzzzzzzzzzzzzzzn
[object Object],Tyla Harrison-Hunt,,,,,,[object Object],,5gzByMr8nXfQ1IwKMbJN
[object Object],Luke Jones,,,,,,[object Object],,vlKKCMPmk62h1FRLf7xi
[object Object],Mark Chirnside,,,,,,[object Object],,zeU606ATdhpgTOUcpXEG
[object Object],Papanui Ward,true,,,,,[object Object],,zzzzzzzzzzzzzzzzzzzo
[object Object],Mike Davidson,,,,,,[object Object],,FnuNccsMbZ9Cq9qB4Fn0
[object Object],Linwood Ward,true,,,,,[object Object],,zzzzzzzzzzzzzzzzzzzp
[object Object],Yani Johanson,,,,,,[object Object],,146s61e2aX74QBejDAnk
[object Object],Innes Ward,true,,,,,[object Object],,zzzzzzzzzzzzzzzzzzzq
[object Object],Mark Wilson,,,,,,[object Object],,WUkawabUrxzG8pT09Hmf
[object Object],Pauline Cotter,,,,,,[object Object],,aPtvcDmCOdIrgryCyYZr
[object Object],Hornby Ward,true,,,,,[object Object],,zzzzzzzzzzzzzzzzzzzr
[object Object],Kim Moss,,,,,,[object Object],,QAQgJjukPfAEJxHRbdkF
[object Object],Heathcote Ward,true,,,,,[object Object],,zzzzzzzzzzzzzzzzzzzs
[object Object],Sara Templeton,,,,,,[object Object],,E7zFoGWycdM1rlXWfqZm
[object Object],Harewood Ward,true,,,,,[object Object],,zzzzzzzzzzzzzzzzzzzt
[object Object],Aaron Keown,,,,,,[object Object],,6NGNYzLT7kXNUJkG0juH
[object Object],Fiona Bennetts,,,,,,[object Object],,UDlO9oPVNYsDmMVqU7c7
[object Object],Halswell Ward,true,,,,,[object Object],,zzzzzzzzzzzzzzzzzzzu
[object Object],Paul Lonsdale,,,,,,[object Object],,PXzOeLC4afWX2bsnCl7S
[object Object],Andrei Moore,,,,,,[object Object],,YQk9VtR1VhKxRbiEzHzM
[object Object],Prawindra Mukhia,,,,,,[object Object],,py9s8I9cW7R3qjRHM3ZV
[object Object],Fendalton Ward,true,,,,,[object Object],,zzzzzzzzzzzzzzzzzzzv
[object Object],James Gough,,,,,,[object Object],,LjMY0iXDOa5Gfar1H2dP
[object Object],Colin Meurk,,,,,,[object Object],,TV2emZbqxuvPDVmJTLdf
[object Object],Coastal Ward,true,,,,,[object Object],,zzzzzzzzzzzzzzzzzzzw
[object Object],Celeste Donovan,,,,,,[object Object],,hk7qcCcLopNN1G3TqQYo
[object Object],Central Ward,true,,,,,[object Object],,zzzzzzzzzzzzzzzzzzzx
[object Object],Alexandra Davids,,,,,,[object Object],,5GSa0040VLEdKoRRP8Y0
[object Object],Jake McLellan,,,,,,[object Object],,SxZed0IkRLKX8OM2KJ2d
[object Object],Stephen McPaike,,,,,,[object Object],,xfYrlHEzlGluqhXyQLm3
[object Object],Cashmere Ward,true,,,,,[object Object],,zzzzzzzzzzzzzzzzzzzy
[object Object],Keir Leslie,,,,,,[object Object],,GEKtf8vlGD9MU40cNxDv
[object Object],Tim Scandrett,,,,,,[object Object],,xB8WQquXGx0MttZKoln1
[object Object],Parklands Library,,,,,,[object Object],,zzzzzzzzzzzzzzzzzzzV
[object Object],Ōrauwhata: Bishopdale Library and Community Centre,,,,,,[object Object],,zzzzzzzzzzzzzzzzzzzW
[object Object],Redwood Library,,,,,,[object Object],,zzzzzzzzzzzzzzzzzzzX
[object Object],Aranui Library,,,,,,[object Object],,zzzzzzzzzzzzzzzzzzzY
[object Object],New Brighton Library,,,,,,[object Object],,zzzzzzzzzzzzzzzzzzzZ
[object Object],Tūranga,,,,,,[object Object],,zzzzzzzzzzzzzzzzzzza
[object Object],Upper Riccarton Library,,,,,,[object Object],,zzzzzzzzzzzzzzzzzzzb
[object Object],Spreydon Library,,,,,,[object Object],,zzzzzzzzzzzzzzzzzzzc
[object Object],Matuku Takotako: Sumner Centre,,,,,,[object Object],,zzzzzzzzzzzzzzzzzzzd
[object Object],Diamond Harbour Library,,,,,,[object Object],,zzzzzzzzzzzzzzzzzzze
[object Object],Little River Library,,,,,,[object Object],,zzzzzzzzzzzzzzzzzzzf
[object Object],CCC Civic Offices,,,,,,[object Object],,zzzzzzzzzzzzzzzzzzzg
[object Object],Fendalton Library and Service Centre,,,,,,[object Object],,zzzzzzzzzzzzzzzzzzzi
[object Object],Hornby Library and Service Centre,,,,,,[object Object],,zzzzzzzzzzzzzzzzzzzj
[object Object],Linwood Service Centre,,,,,,[object Object],,zzzzzzzzzzzzzzzzzzzk
[object Object],Beckanham Service Centre,,,,,,[object Object],,zzzzzzzzzzzzzzzzzzzl
[object Object],Te Hāpua Halswell Service Centre,,,,,,[object Object],,zzzzzzzzzzzzzzzzzzzm
[object Object],Shirley Service Centre,,,,,,[object Object],,zzzzzzzzzzzzzzzzzzzn
[object Object],Lyttelton Service Centre,,,,,,[object Object],,zzzzzzzzzzzzzzzzzzzo
[object Object],Akaroa Service Centre,,,,,,[object Object],,zzzzzzzzzzzzzzzzzzzp
[object Object],Akaroa Service Centre,,,,,,[object Object],,zzzzzzzzzzzzzzzzzzzq
[object Object],Lyttelton Service Centre,,,,,,[object Object],,zzzzzzzzzzzzzzzzzzzr
[object Object],Shirley Service Centre,,,,,,[object Object],,zzzzzzzzzzzzzzzzzzzs
[object Object],Te Hāpua Halswell Service Centre,,,,,,[object Object],,zzzzzzzzzzzzzzzzzzzt
[object Object],Beckanham Service Centre,,,,,,[object Object],,zzzzzzzzzzzzzzzzzzzu
[object Object],Linwood Service Centre,,,,,,[object Object],,zzzzzzzzzzzzzzzzzzzv
[object Object],Hornby Library and Service Centre,,,,,,[object Object],,zzzzzzzzzzzzzzzzzzzw
[object Object],Fendalton Library and Service Centre,,,,,,[object Object],,zzzzzzzzzzzzzzzzzzzx
[object Object],CCC Civic Offices,,,,,,[object Object],,zzzzzzzzzzzzzzzzzzzy
[object Object],Vicky Southworth,,,,,,[object Object],,2kdv07EgDMe9ZqFguAH9
[object Object],John Knox,,,,,,[object Object],,69hNcSbgvDAbNzqaPuEN
[object Object],Chrys Horn,,,,,,[object Object],,7ScOf7eluQqT0jZY9CcH
[object Object],John Stringer,,,,,,[object Object],,FN94IhXJVZCubQ3JTcLX
[object Object],James Macbeth Dann,,,,,,[object Object],,WsZheg0nmjLtqGUAElzr
[object Object],Craig Pauling,,,,,,[object Object],,jX2eRwubmfbRqTMcGjgn
[object Object],Murray Wiig,,,,,,[object Object],,kOKUifkz0zvoOWz2EHwP
[object Object],Genevieve Robinson,,,,,,[object Object],,oLQ95Ka9qtSn67Haqb0H
[object Object],Brynlea Stocks,,,,,,[object Object],,pTrJMTwAMv2B5JJxbU8r
[object Object],Greg Byrnes,,,,,,[object Object],,ua7smyZLkoo97fHrtkpP
[object Object],Paul Dietsche,,,,,,[object Object],,vcoR9qlV3HQp8xRUmXS2
[object Object],Ashley Campbell,,,,,,[object Object],,yoeHHRuUfkGfQTSw8fnD
[object Object],Tane Apanui,,,,,,[object Object],,zjXg5hVFBmNGpfvK8Qot
[object Object],Ashburton,true,,,,,[object Object],,zzzzzzzzzzzzzzzzzzzy
[object Object],John Sunckell,,,,,,[object Object],,wh03YXeGJglxDi8fLHhQ
[object Object],Wellington,true,[object Object],[object Object],[object Object],STV,[object Object],wellington@generationzero.org.nz,zzzzzzzzzzzzzzzzzzzx
[object Object],Tararua,,,,,,[object Object],,zzzzzzzzzzzzzzzzzzzq
[object Object],South Wairarapa,,,,,,[object Object],,zzzzzzzzzzzzzzzzzzzr
[object Object],Masterton,,,,,,[object Object],,zzzzzzzzzzzzzzzzzzzs
[object Object],Kāpiti Coast,true,,,,STV,[object Object],,zzzzzzzzzzzzzzzzzzzt
[object Object],Martin Halliday,,,,,,[object Object],,zzzzzzzzzzzzzzzzzzzx
[object Object],Rob McCann,,,,,,[object Object],,zzzzzzzzzzzzzzzzzzzy
[object Object],Districtwide,true,,,,,[object Object],,zzzzzzzzzzzzzzzzzzzu
[object Object],Mark Benton,,,,,,[object Object],,zzzzzzzzzzzzzzzzzzzw
[object Object],Lawrence Kirby,,,,,,[object Object],,zzzzzzzzzzzzzzzzzzzx
[object Object],Ian Powell,,,,,,[object Object],,zzzzzzzzzzzzzzzzzzzy
[object Object],Paekākāriki–Raumati,true,,,,,[object Object],,zzzzzzzzzzzzzzzzzzzv
[object Object],Richard Young,,,,,,[object Object],,zzzzzzzzzzzzzzzzzzzx
[object Object],Sophie Handford,,,,,,[object Object],,zzzzzzzzzzzzzzzzzzzy
[object Object],Paraparaumu,true,,,,,[object Object],,zzzzzzzzzzzzzzzzzzzw
[object Object],Martin Halliday,,,,,,[object Object],,zzzzzzzzzzzzzzzzzzzx
[object Object],Glen Cooper,,,,,,[object Object],,zzzzzzzzzzzzzzzzzzzy
[object Object],Waikanae,true,,,,,[object Object],,zzzzzzzzzzzzzzzzzzzx
[object Object],Jordon Wansbrough,,,,,,[object Object],,zzzzzzzzzzzzzzzzzzzw
[object Object],Nigel Wilson,,,,,,[object Object],,zzzzzzzzzzzzzzzzzzzx
[object Object],Tim Parry,,,,,,[object Object],,zzzzzzzzzzzzzzzzzzzy
[object Object],Ōtaki,true,,,,,[object Object],,zzzzzzzzzzzzzzzzzzzy
[object Object],Paekākāriki Library,,,,,,[object Object],,3ElpXmpa3NhQhXfztd4w
[object Object],Wellington Region Special Voting Hub,,,,,,[object Object],,DkULiUZyEOYASNWB7u8Z
[object Object],Kāpiti Coast District Council Offices,,,,,,[object Object],,GROeXz3Gfgr3tFEbE7AZ
[object Object],Waikanae Library,,,,,,[object Object],,RHs2VFBV2wE15fbX2Flo
[object Object],Ōtaki Library,,,,,,[object Object],,TSOjuZPRwrszW6PH2K5y
[object Object],Paraparaumu Library,,,,,,[object Object],,prg90Ery5qJiSHBe5J5P
[object Object],,,,,,,[object Object],,s2L6l7Q6ZOKevkEnb4ak
[object Object],,,,,,,[object Object],,u9jyeeJOBfEnCcd6j85l
[object Object],Asher Wilson-Goldman,,,,,,[object Object],,zzzzzzzzzzzzzzzzzzzy
[object Object],Carterton,,,,,,[object Object],,zzzzzzzzzzzzzzzzzzzu
[object Object],Wellington Central,true,[object Object],[object Object],[object Object],STV,[object Object],,zzzzzzzzzzzzzzzzzzzv
[object Object],Rayward Chung,,,,,,[object Object],,2frRHUxUYuvLmvhooubm
[object Object],Tory Whanau,,,,,,[object Object],,SvLahkqounqHQOQ5orI6
[object Object],Paul Eagle,,,,,,[object Object],,mo3H3fEMTgrUyarDFGqR
[object Object],Ellen Blake,,,,,,[object Object],,se98tqKC1vo0bedQ476a
[object Object],Andy Foster,,,,,,[object Object],,yGMZUHSywT6y4cUQHJzC
[object Object],Motukairangi/Eastern General Ward,true,,,,,[object Object],,zzzzzzzzzzzzzzzzzzzs
[object Object],Robin Goulden,,,,,,[object Object],,0OjGHvmGAnijoRscd3KU
[object Object],Luana Scowcroft,,,,,,[object Object],,E0uL3NEkPmxkpjjLZzBf
[object Object],Stephanie Edlin,,,,,,[object Object],,aTUrBygsrWyopWEMk3Cu
[object Object],Aaron Gilmore,,,,,,[object Object],,bV4Xs0R9dk1WcNJj7zwU
[object Object],Teri O'Neill,,,,,,[object Object],,bV4Xs0R9dk1WcNJj7zwV
[object Object],Te Whanganui-a-Tara Māori Ward,true,,,,,[object Object],,zzzzzzzzzzzzzzzzzzzu
[object Object],Matthew Reweti,,,,,,[object Object],,MfYkgw7PH1pjFQpdOHIq
[object Object],Nīkau Wi Neera,,,,,,[object Object],,Y5Jgr3Pv3FYtMjdbdVI8
[object Object],Paekawakawa/Southern General Ward,true,,,,,[object Object],,zzzzzzzzzzzzzzzzzzzv
[object Object],Laurie Foon,,,,,,[object Object],,3uOmatkb4PYOPx15Xlsy
[object Object],Nureddin Abdurahman,,,,,,[object Object],,VCrtEWVOXBshh7Z7O4ql
[object Object],Jonathan Coppard,,,,,,[object Object],,ZXab7g6GSq6IgWyWUSDP
[object Object],Wharangi/Onslow-Western General Ward,true,,,,,[object Object],,zzzzzzzzzzzzzzzzzzzw
[object Object],Rayward Chung,,,,,,[object Object],,2J1P5AfKWIqM5RohiGcE
[object Object],Robert Mason,,,,,,[object Object],,MDXEgSBRLcXPPNGOWSdS
[object Object],Ryan Bothma,,,,,,[object Object],,ORsBnMJ2x6GfK1OxmiUu
[object Object],Rebecca Matthews,,,,,,[object Object],,RlIXPqurasTxrHLqpTgy
[object Object],Heather Baldwin,,,,,,[object Object],,XG3bl0dMH619JGnOjpZy
[object Object],Lachlan Patterson,,,,,,[object Object],,f8TcvhqgnTfWsld3OEiQ
[object Object],Diane Calvert,,,,,,[object Object],,q9Fa55ZGzm8OxbENW087
[object Object],Alexander Garside,,,,,,[object Object],,rNvlapQEp0OLMGUV5yg3
[object Object],Kelvin Hastie,,,,,,[object Object],,ubOVWEherwyS4btM0AGv
[object Object],Barbara McKenzie,,,,,,[object Object],,vX6AD5hVTFm6K57ZuBq7
[object Object],Kush Bhargava,,,,,,[object Object],,xJSPEcNWTQsEja3GPqNx
[object Object],Takapū/Northern General Ward,true,,,,,[object Object],,zzzzzzzzzzzzzzzzzzzx
[object Object],Ben McNulty,,,,,,[object Object],,N1vINXUk00SqcDwSZA86
[object Object],James Sullivan,,,,,,[object Object],,N1vINXUk00SqcDwSZA87
[object Object],Raveen Annamalai,,,,,,[object Object],,Ux8A5Anl4kw8RTgVEsdH
[object Object],John Peters,,,,,,[object Object],,doh3h8ejzluc9HXgz9Xf
[object Object],Jenny Condie,,,,,,[object Object],,nrk8H9U9IFEUKbWRS0QX
[object Object],Pukehīnau/Lambton General Ward,true,,,,,[object Object],,zzzzzzzzzzzzzzzzzzzy
[object Object],Iona Pannett,,,,,,[object Object],,0ZJdA66BJ4A2QJ0nbvsK
[object Object],Jane O'Loughlin,,,,,,[object Object],,1QDlCVW8s5OmIDjcgKI3
[object Object],Nicholas Hancox,,,,,,[object Object],,E0kUahhEA9st98LVd9dU
[object Object],Jonathan Markwick,,,,,,[object Object],,JErHKuwIWvJPtXyn6nZu
[object Object],Ellen Blake,,,,,,[object Object],,KS49isUxcohSZCwb50Gg
[object Object],Tamatha Paul,,,,,,[object Object],,jrnP6s2Ui0Vnps3HKmBD
[object Object],Afnan Al-rubayee,,,,,,[object Object],,x3pZDHi3WNjK04Mo5bMW
[object Object],Newlands New World,,,,,,[object Object],,0EhOMf5cJiBP7qluu0DU
[object Object],Karori Library,,,,,,[object Object],,305xTGpnO2joU7hQ6McQ
[object Object],New World Khandallah,,,,,,[object Object],,3OImXYYGXorVUo21nNFV
[object Object],Pak'n'Save Kilbirnie,,,,,,[object Object],,5pwAJZoSPjQFOsidz3IO
[object Object],Makara School,,,,,,[object Object],,71MkStFdpAZ4iH45SqOC
[object Object],Cummings Park (Ngaio) Library,,,,,,[object Object],,9ixN0r3CDnnzCZ34OFbC
[object Object],New World Miramar Fuel,,,,,,[object Object],,AzdeK7qnkIJMEAXDcCDn
[object Object],Countdown Johnsonville,,,,,,[object Object],,C52vBcWWc3eMRfRcpP6N
[object Object],New World Newtown,,,,,,[object Object],,DYn876qPX364IP6Id5OO
[object Object],He Matapihi Molesworth Library,,,,,,[object Object],,Df7CKdagwEiYQvypEd31
[object Object],New World Wellington City,,,,,,[object Object],,H1mimaByqwE1sqwXWAWU
[object Object],Newtown Library,,,,,,[object Object],,HJgbIRiWeTUOJChpESvd
[object Object],Khandallah Library,,,,,,[object Object],,HUJsXzTkbgNmp4xqfPA3
[object Object],The Warehouse,,,,,,[object Object],,Knx6vTqcbnbGZg70H7Dl
[object Object],ASB Sports Centre,,,,,,[object Object],,LF9yy6PNfXkAJTuTDWIN
[object Object],Strathmore Foodmarket,,,,,,[object Object],,LkXt5YikOeFp2A6vUi9x
[object Object],Freyberg Pool and Sport Centre,,,,,,[object Object],,M9gfoIcagBbJ154ntwhp
[object Object],Tahiwi (Wellington City Council),,,,,,[object Object],,MR4zmjyl1FTeryBacclv
[object Object],Raukawa Community Centre,,,,,,[object Object],,MiHB2kPSSyUp3P9NTt3v
[object Object],Victoria University of Wellington (Te Aro Campus),,,,,,[object Object],,NExeuMqQcEHS3Vc63NaF
[object Object],New World Churton Park,,,,,,[object Object],,NQEV1gjOAZBcqNTu4ZPK
[object Object],Arapaki Manners Library,,,,,,[object Object],,O6uIw5Bu6wtbMVgnhvXX
[object Object],Karori Park Dairy,,,,,,[object Object],,QcjMsyuCQbTS7UD7g6ub
[object Object],Mervyn Kemp Library,,,,,,[object Object],,SZTicRwQtCdOyKp7Hnyv
[object Object],Countdown Johnsonville Mall,,,,,,[object Object],,TJwi5JIgAuTdantWLDOP
[object Object],Te Pokapū Hapori Community Centre,,,,,,[object Object],,VB7lVNUn4RKkk4QTOUAQ
[object Object],New World Tawa,,,,,,[object Object],,WEUOEODkHTPyX5SBecjs
[object Object],Wadestown Library,,,,,,[object Object],,WJFsJVckp8EcGErdnTPx
[object Object],Victoria University of Wellington (Pipitea Campus),,,,,,[object Object],,X92ucTFo6tJUpXHfMIT6
[object Object],Island Bay Library,,,,,,[object Object],,YoWeMeXbWM62ws0chi98
[object Object],New World Island Bay,,,,,,[object Object],,bVj9BKqamVHpPfZaoxdL
[object Object],Ruth Gotlieb library,,,,,,[object Object],,d8sdWmuf1yKVrO7d0c1h
[object Object],Countdown Cable Car Lane,,,,,,[object Object],,eEDdgiQkKp7l1DyB4dOw
[object Object],Wellington Airport,,,,,,[object Object],,eg7Mculrdtxy8XOXEJtY
[object Object],Ngā Hau e Whā o Paparāngi,,,,,,[object Object],,ffk4l1sAMCK5AeS1Y8j6
[object Object],Waitohi Library,,,,,,[object Object],,hNfd4esxw2ZHkgxHjXEg
[object Object],Countdown Kilbirnie,,,,,,[object Object],,j28UVRhbVGwOBfS8eIWb
[object Object],Wellington Cable Car,,,,,,[object Object],,kPytepI9d0lw40CCbQNU
[object Object],New World Willis Street Metro,,,,,,[object Object],,lBdceGO7wt1ZRYgyDM7B
[object Object],Massey University Wellington,,,,,,[object Object],,lYeSoMS47xSJ9Cd8n8J8
[object Object],New World Railway Metro,,,,,,[object Object],,nd6snr6bsAbj1JGnrB0j
[object Object],New World Thorndon,,,,,,[object Object],,ngMgh1YcVR62SwAc2yb1
[object Object],Miramar Library,,,,,,[object Object],,p1kYGEKqg0FmVlAqqSwQ
[object Object],Linden Community Centre,,,,,,[object Object],,pfZq7r89xPcUnqTj5sU5
[object Object],Te Awe Library,,,,,,[object Object],,qIdzt9dhmDOXoApve29A
[object Object],Victoria University of Wellington (Kelburn Campus),,,,,,[object Object],,qODkhDofoZksPZjxnpis
[object Object],Countdown Newtown,,,,,,[object Object],,ria4Da3tt0wIapwBDZWK
[object Object],Countdown Crofton Downs,,,,,,[object Object],,sCKj8MbPVjMo2DSolKM1
[object Object],BP Berhampore,,,,,,[object Object],,tRasyavxKCarRDAxItfO
[object Object],Countdown Karori,,,,,,[object Object],,tpeElGMMaGT2USXd4h7t
[object Object],Brooklyn Library,,,,,,[object Object],,v9iTzk60KCS8JyDFkeLV
[object Object],Countdown Tawa,,,,,,[object Object],,wla03o7BGMBidmk9LAtt
[object Object],Wellington Train Station (electoral commission),,,,,,[object Object],,y6qGEW5i7iEqybozE1Q5
[object Object],Jake Arthur,,,,,,[object Object],,0f6Le7MPIDmFm9jIou9q
[object Object],Christine Montgomerie,,,,,,[object Object],,0f6Le7MPIDmFm9jIou9r
[object Object],Roger Blakeley,,,,,,[object Object],,4ZSGLxudoLKyZPG5hABM
[object Object],Daran Ponter,,,,,,[object Object],,83HGr5uoRso7YMmZHrA0
[object Object],Leigh Catley,,,,,,[object Object],,LMSCKSeTRHJKPN8s2yqp
[object Object],Thomas Bryan,,,,,,[object Object],,O8WpN255KA6uZtMNIbQL
[object Object],Thomas Nash,,,,,,[object Object],,Vra6A14Ad054nw9ZOnB3
[object Object],Yadana Saw,,,,,,[object Object],,ecjobfOfE3RzhyTvG07N
[object Object],Upper Hutt,true,,,,FPP,[object Object],,zzzzzzzzzzzzzzzzzzzw
[object Object],Wayne Guppy,,,,,,[object Object],,S3Ai42T89t8TzFko5fL3
[object Object],Hellen Swales,,,,,,[object Object],,S3Ai42T89t8TzFko5fL4
[object Object],Blair Griffiths,,,,,,[object Object],,kyemtrkstZYdMAQdYGyp
[object Object],Angela McLeod,,,,,,[object Object],,u2DUyPsKhYLqskqoaMOL
[object Object],Upper Hutt City Council,true,,,,,[object Object],,zzzzzzzzzzzzzzzzzzzy
[object Object],Emma Holderness,,,,,,[object Object],,6tzkabITdFn4yYNF4SSi
[object Object],Ramil Adhikari,,,,,,[object Object],,AOc5vLHoi5hcOJyp7sO0
[object Object],Michael Hurle,,,,,,[object Object],,DHhcRfFQYppv5uKZBxlx
[object Object],Alan Hammond,,,,,,[object Object],,Kca3QIlhkDrr33xYNSss
[object Object],Cyndi Miller,,,,,,[object Object],,Q7mtP7VdTfDtMqzsOO8J
[object Object],Hellen Swales,,,,,,[object Object],,SAdyg7hmTVNsvpMnmZrc
[object Object],Michael Anderson,,,,,,[object Object],,V1c6OnwXuWGiZtto9diC
[object Object],Christopher Carson,,,,,,[object Object],,dQ4jsMuZddpOonqeItsh
[object Object],Blair Griffiths,,,,,,[object Object],,nTzB73kfjjpE9uXDlWRp
[object Object],Wellington Region Special Voting Hub,,,,,,[object Object],,hduFEhWautcpV7ptkSz3
[object Object],Rosamond Connelly,,,,,,[object Object],,MJ5iw46kn2C5RypE5ESA
[object Object],Steve Taylor,,,,,,[object Object],,rHuSICnqP2bGrtQvMRHh
[object Object],Porirua,true,,,,STV,[object Object],,zzzzzzzzzzzzzzzzzzzx
[object Object],Tapu Elia,,,,,,[object Object],,BsB75B9ZlChU5TCNMn38
[object Object],Nicole Foss,,,,,,[object Object],,WwBSisXUYP33gt7yr7K1
[object Object],Parirua Māori Ward,,,,,,[object Object],,zzzzzzzzzzzzzzzzzzzw
[object Object],Pāuatahanui General Ward,true,,,,,[object Object],,zzzzzzzzzzzzzzzzzzzx
[object Object],Nicole Foss,,,,,,[object Object],,X62ARtC5487dWq6nWFWo
[object Object],Andrea Nicol-Coulston,,,,,,[object Object],,X62ARtC5487dWq6nWFWp
[object Object],Joshua Trlin,,,,,,[object Object],,raggaRC2YpXYs2Bfegj7
[object Object],Onepoto General Ward,true,,,,,[object Object],,zzzzzzzzzzzzzzzzzzzy
[object Object],Michael Duncan,,,,,,[object Object],,zzzzzzzzzzzzzzzzzzzy
[object Object],Cannons Creek Library,,,,,,[object Object],,6ok5e59KGPgcsY9eYOuo
[object Object],New World Porirua,,,,,,[object Object],,DCQqZRkqRALEXa53k6sg
[object Object],Tītahi Bay Library,,,,,,[object Object],,Og6XSxZIYLJPtIM3SUwP
[object Object],Countdown Porirua,,,,,,[object Object],,Wce9iORdjPUFaEGkQ3FN
[object Object],Pak'nSave Porirua,,,,,,[object Object],,ZjjL6mb7LNl0Q3yaZ4zR
[object Object],Wellington Region Special Voting Hub,,,,,,[object Object],,aEWdONgyFEz1PRHuN0nW
[object Object],Countdown Aotea,,,,,,[object Object],,h6Pj9rAG0xEZUTaAwdgE
[object Object],Porirua City Library,,,,,,[object Object],,jhiA8bkCSHP6f1wdDZQ0
[object Object],Whitby Library,,,,,,[object Object],,oHQKg5hCuPB1y5oe3Rpj
[object Object],Pukerua Bay Library,,,,,,[object Object],,skE9cK8AhBXE2STZSTVW
[object Object],Porirua City Council,,,,,,[object Object],,sudjAJ9xUvJMVArLMaJa
[object Object],Te Rauparaha Arena,,,,,,[object Object],,uZzDE46i3bsJSjS358c4
[object Object],Robyn Smith,,,,,,[object Object],,IoeSzV3Gyk8detnlVDsc
[object Object],Lynette Itani,,,,,,[object Object],,WSWxzO5pBPwgTZ8LWCer
[object Object],Hutt City,true,,,,FPP,[object Object],,zzzzzzzzzzzzzzzzzzzy
[object Object],City Wide,true,,,,,[object Object],,zzzzzzzzzzzzzzzzzzzs
[object Object],Joshua Briggs,,,,,,[object Object],,6QJHp6jDqsc7RInZJo7c
[object Object],Barbara Hay,,,,,,[object Object],,QrchpMvkCOpL8APajyRS
[object Object],Simon Edwards,,,,,,[object Object],,R3dX8oqaSr7TpV0E2r37
[object Object],Brady Dyer,,,,,,[object Object],,VodHFpxAl3v6qcaVwbr4
[object Object],Prabhavathi Ravi,,,,,,[object Object],,VzolZivQiwWCIR8nW8Uf
[object Object],Simon Gibbs,,,,,,[object Object],,Wy7f3erxDGFDn9Our55A
[object Object],Peter Fraser,,,,,,[object Object],,e5zTQ15eofHsZC72jxGX
[object Object],Chris Norton,,,,,,[object Object],,q70LgndID8Q822fFMUWr
[object Object],Robert Macdonald,,,,,,[object Object],,qO5MXPZuwHTILoB0xFLC
[object Object],Rachel Leamy,,,,,,[object Object],,qkx1ffCj1gexIXrqrAQk
[object Object],Karen Yung,,,,,,[object Object],,zSuvRPJDuf94JZtLeyUB
[object Object],Central Ward,true,,,,,[object Object],,zzzzzzzzzzzzzzzzzzzt
[object Object],Stephen Hockley,,,,,,[object Object],,zzzzzzzzzzzzzzzzzzzy
[object Object],Eastern Ward,true,,,,,[object Object],,zzzzzzzzzzzzzzzzzzzu
[object Object],David Harle,,,,,,[object Object],,OwP7xD6b2DBdUaTCNMMy
[object Object],Andrew Mitchell,,,,,,[object Object],,xH3XXeq2MwZdxdUv6WRb
[object Object],Harbour Ward,true,,,,,[object Object],,zzzzzzzzzzzzzzzzzzzv
[object Object],Northern Ward,true,,,,,[object Object],,zzzzzzzzzzzzzzzzzzzw
[object Object],Wainuiomata Ward,true,,,,,[object Object],,zzzzzzzzzzzzzzzzzzzx
[object Object],Western Ward,true,,,,,[object Object],,zzzzzzzzzzzzzzzzzzzy
[object Object],Sandra Greig,,,,,,[object Object],,JGm8uj2YhR2a54dZoZxo
[object Object],Chris Parkin,,,,,,[object Object],,TUHokbgYQP3y2iiAE9rJ
[object Object],Petone Community Library,,,,,,[object Object],,Ye5c0eESKrU7swPe8l0r
[object Object],Benedict's Café,,,,,,[object Object],,dMBn8JSpsEXuYLuLp4sq
[object Object],Queengate Mall,,,,,,[object Object],,dUDriTIHabXzplc1UhGj
[object Object],Wainuiomata Community Hub,,,,,,[object Object],,i2f6arn6WgvYT1SXNF7P
[object Object],War Memorial Library,,,,,,[object Object],,m9JWLY3tlgh3QJJA6KM3
[object Object],Council Main Admin Building,,,,,,[object Object],,mLz4UBbd6MRlhQUKyqtW
[object Object],Moera Library,,,,,,[object Object],,pv2hOtnBJtBcjzdzG2xI
[object Object],Koraunui Stokes Valley Community Hub,,,,,,[object Object],,qxZt9Mk2auvGKtsftwiB
[object Object],Naenae Community Hub and Library,,,,,,[object Object],,uTdmrSY6hxdJppd8s9Ge
[object Object],Eastbourne Community Library,,,,,,[object Object],,xpT6Mg8evFgCMRVXdj2R
[object Object],Walter Nash Centre,,,,,,[object Object],,ybiviuOemOBs8TNoiiID
[object Object],Quentin Duthie,,,,,,[object Object],,V0049wAWg6wnFMyzpXNn
[object Object],Alexis Voutratzis,,,,,,[object Object],,n4LTH8Y2lMsTB6k2qNL9
[object Object],Auckland,true,,,,FPP,[object Object],auckland@generationzero.org.nz,zzzzzzzzzzzzzzzzzzzy
[object Object],Auckland,true,,,,FPP,[object Object],,zzzzzzzzzzzzzzzzzzzy
[object Object],Craig Lord,,,,,,[object Object],,1OJi8pSOLUs6MsY6Yf2R
[object Object],Michael Kampkes,,,,,,[object Object],,3m3GJt2etbQQPAJwYtWG
[object Object],Michael Morris,,,,,,[object Object],,6WJieQlBF7Eus4nH9CyJ
[object Object],Robert Hong Hu,,,,,,[object Object],,AdqJycbuNtroh1Zr6RoL
[object Object],David John Feist,,,,,,[object Object],,CSiK2YvoswOj11OfZ0J7
[object Object],Ryan Earl Pausina,,,,,,[object Object],,CYBxJPrZODzzrCxne77Z
[object Object],Ted Johnston,,,,,,[object Object],,EY5WBcqbm3f5T8dRHeKn
[object Object],Gary Brown,,,,,,[object Object],,GZyL3GG0HMweVPOwvXbk
[object Object],James Dunphy,,,,,,[object Object],,T6ZKt80f4xrU1RBp1pB1
[object Object],Michael Coote,,,,,,[object Object],,baBUnqPNKW4Fqqby0Uhx
[object Object],Pete Mazany,,,,,,[object Object],,gDlZ8Ykvn0t7jtydsVCM
[object Object],Trica Cheel,,,,,,[object Object],,k4kLDAvYQqlpK9JR1Dtt
[object Object],John Palino,,,,,,[object Object],,kACGvqEl9WXgyiFSjjy2
[object Object],Phil O'connor,,,,,,[object Object],,mT6tf2JHF8phbDwhgrSk
[object Object],Lisa Lewis,,,,,,[object Object],,qtf4grTJb58CA30eoArJ
[object Object],John Alcock,,,,,,[object Object],,t3Eg4rhnZpWWSqVteYXu
[object Object],Dani Riekwel,,,,,,[object Object],,tB39evEnX5sivN2vm6BK
[object Object],Efeso Collins,,,,,,[object Object],,tO0NSlnRD7Saj7ZECWIz
[object Object],Alezix Heneti,,,,,,[object Object],,tmfU3gGZzVYQDLul9Ksj
[object Object],John Lehmann,,,,,,[object Object],,vWmMzQ8UqQjNPy7AC7eK
[object Object],Wayne Brown,,,,,,[object Object],,wVBt0BN60GCjC3kaU5nS
[object Object],Tony Corbett,,,,,,[object Object],,zAg3caLgmCvM4WlxLGVs
[object Object],Whau,true,,,,,[object Object],,5LcejaRWTJoYW3rI9mgI
[object Object],Whau,true,,,,,[object Object],,zzzzzzzzzzzzzzzzzzzy
[object Object],Whau,true,,,,,[object Object],,zzzzzzzzzzzzzzzzzzzy
[object Object],Jessica Rose,,,,,,[object Object],,01AlSISgz865N3jVvU3e
[object Object],Paul Clifford Davie,,,,,,[object Object],,1wuWY1aNUvm6XEsGksVr
[object Object],Steven Yu,,,,,,[object Object],,7WbWut0iD9zVYFxf0X4A
[object Object],Sandy Taylor,,,,,,[object Object],,A2Su5lN51bpCHIOqI4jL
[object Object],Sarah Paterson-Hamlin,,,,,,[object Object],,CVAbQxdPLCqlgS2Dzv04
[object Object],Warren Piper,,,,,,[object Object],,ItvqnJbaQvlWZtpiKe7T
[object Object],Daphne Bisset,,,,,,[object Object],,J92gRbTTuQ5OChWrKtbi
[object Object],Catherine Farmer,,,,,,[object Object],,JLhRW8hOW2HHfbCJfG9L
[object Object],Aadil Basha,,,,,,[object Object],,KHlfiTCYrJdttKBsBZRs
[object Object],Ravi Nyayapati,,,,,,[object Object],,L8R0UkJYmZ4BcUmKEFN2
[object Object],Ross Clow,,,,,,[object Object],,Q2n87KRnE5WB2C0QOK6K
[object Object],Anne Degia-Pala,,,,,,[object Object],,RseB3fX2yQ6yN1NV3X0c
[object Object],Ellie Ikinofo,,,,,,[object Object],,SPjXtdvfH0GC17fZOaH7
[object Object],Fasitua Amosa,,,,,,[object Object],,c9t3qzhQICduMvQPAFP1
[object Object],Bruce Xu,,,,,,[object Object],,gWxe6sU0ewxmeGdaLERH
[object Object],Alister Hood,,,,,,[object Object],,gxK3JbnUrAMEoRX4vr8q
[object Object],Sara Watson,,,,,,[object Object],,hyPqzdGh6pP5tCnR7lnt
[object Object],Kathryn Mary Davie,,,,,,[object Object],,kmqfqaMSLbMEJLd9oQiX
[object Object],Nik Koulianos,,,,,,[object Object],,pmHoKO6o0uTnMdCnXF01
[object Object],Valeria Gascoigne,,,,,,[object Object],,q74TYKKdU1acl9QgIwkQ
[object Object],Kay Thomas,,,,,,[object Object],,rD7YR7fkQUqmifknKxJU
[object Object],Susan Zhu,,,,,,[object Object],,zcp7PtMso5lWR9SID1dR
[object Object],Howie Yin,,,,,,[object Object],,zuA9SSrpaoS7LqHzNKj6
[object Object],Tracy Mulholland,,,,,,[object Object],,AxWzsy2pZmyIAJ9roZoi
[object Object],Kerrin Leoni,,,,,,[object Object],,WpI9qonmgcIPXgmhqX0h
[object Object],Waitematā and Gulf,true,,,,,[object Object],,5LcejaRWTJoYW3rI9mgJ
[object Object],Aotea Great Barrier,true,,,,,[object Object],,zzzzzzzzzzzzzzzzzzzw
[object Object],Aotea Great Barrier,true,,,,,[object Object],,zzzzzzzzzzzzzzzzzzzy
[object Object],Izzy Fordham,,,,,,[object Object],,H58w7eG9WZ1WTw0RRipy
[object Object],Patrick O'Shea,,,,,,[object Object],,OQDz21eKl0USYW5aNa8m
[object Object],Val Foreman,,,,,,[object Object],,Oxv3MrHSs5dCt5ZTtSWT
[object Object],Neil Sanderson,,,,,,[object Object],,Qxe0d8JSrC2awLPGkriD
[object Object],Bella Sharp,,,,,,[object Object],,lB349gGuVK3rPPrlnd08
[object Object],Chris Ollivier,,,,,,[object Object],,nkqNOfTS0whjwDP8pbtW
[object Object],Valmaine Toki,,,,,,[object Object],,uW3I3LlXrpsV1KR0scIt
[object Object],Waiheke,true,,,,,[object Object],,zzzzzzzzzzzzzzzzzzzx
[object Object],Waiheke,true,,,,,[object Object],,zzzzzzzzzzzzzzzzzzzy
[object Object],Russ Chambers,,,,,,[object Object],,6i0xNPNtG8xrjecehkRg
[object Object],Norm Robins,,,,,,[object Object],,BUBVx3xv6zk19Xk4mZjB
[object Object],Greg Wyatt,,,,,,[object Object],,F6Co3WkwRfki7CCcEbgh
[object Object],Cath Handley,,,,,,[object Object],,HpGWCejEBkEUekXofa2E
[object Object],Paul Walden,,,,,,[object Object],,KJ0uf1ltOyGPikVlcrp0
[object Object],Jim Hannan,,,,,,[object Object],,aRgGjJlfSwxxsaeQqliQ
[object Object],Kathy Voyles,,,,,,[object Object],,d5xUeVtSjdJU9B52jo2J
[object Object],Olivier Georges Roger Lequeux,,,,,,[object Object],,eJ9XtI3fLClGfslxMCQa
[object Object],Bianca Ranson,,,,,,[object Object],,eLuJNkNRB3K3u5dagXLh
[object Object],Robin Tucker,,,,,,[object Object],,k6H3nrWBqcXuGhRavQ5o
[object Object],Kylee Matthews,,,,,,[object Object],,kNLJMzR08ywhUbQsKvyF
[object Object],Blair Anderson,,,,,,[object Object],,sJU7NCZGTvuSoZhPvHoj
[object Object],Waitematā,true,,,,,[object Object],,zzzzzzzzzzzzzzzzzzzy
[object Object],Waitematā,true,,,,,[object Object],,zzzzzzzzzzzzzzzzzzzy
[object Object],Allan Matson,,,,,,[object Object],,3OTRifVUwD44uSS8nfJs
[object Object],Richard Northey,,,,,,[object Object],,3h1pex1KU1ZGw0cTj9la
[object Object],Michael Kanara,,,,,,[object Object],,6tUL88vKTjcLGHdlUMvn
[object Object],Glenda Fryer,,,,,,[object Object],,76EL91lI1ObqHqdEmeNY
[object Object],Anahera Rawiri,,,,,,[object Object],,AYn2DOUpln1OhRxROjaX
[object Object],Len Ward,,,,,,[object Object],,EgVK74EUj9w8JsdmhyUk
[object Object],Greg Moyle,,,,,,[object Object],,IZzOFVK7EUMcG2qdS4bd
[object Object],Stephen May,,,,,,[object Object],,LfYgA6deoTk1uS0DNmGE
[object Object],Pete Marshall,,,,,,[object Object],,NXIt8IVY6jB5DJ542pN7
[object Object],Grant William Mountjoy,,,,,,[object Object],,QaPpdeQF6Jt4Ko19PCdb
[object Object],Mike Burton,,,,,,[object Object],,SS3Fuw0yzgUpAGlM40Mb
[object Object],Gael Baldock,,,,,,[object Object],,U0t3kjmL4fhlWplsCWq1
[object Object],Alexandra Bonham,,,,,,[object Object],,WhdQ2jdO5w2hSa7ycAZ7
[object Object],Shayne La Rosa,,,,,,[object Object],,XHelIjigS0mJhJjgo9GK
[object Object],Genevieve Sage,,,,,,[object Object],,YmtLLo8NUy3VCa9Z1Xc0
[object Object],Andi Liu,,,,,,[object Object],,aej1VPT7oRUuJjep7Axd
[object Object],Antony Phillips,,,,,,[object Object],,bebR3NEDzlnlB5Qww85w
[object Object],Sarah Trotman,,,,,,[object Object],,drd6gA28XwBI5rlYhpRM
[object Object],Chris Severne,,,,,,[object Object],,lxTV1lAcZlgpiUuV2YEq
[object Object],Rosemary Peppermint,,,,,,[object Object],,oL2zeAEPwijGlxYJeswn
[object Object],Andi Liu,,,,,,[object Object],,23vGJX5zqzg7zDLNeo1w
[object Object],Mike Lee,,,,,,[object Object],,DqnldDIUaviH5eh0zWka
[object Object],Pippa Coom,,,,,,[object Object],,HY3MGFkwWHwg0kbH6O2s
[object Object],Mike Burton,,,,,,[object Object],,JlhjZHYwIoVNPNhNBg3Y
[object Object],Waitākere,true,,,,,[object Object],,5LcejaRWTJoYW3rI9mgK
[object Object],Henderson-Massey,true,,,,,[object Object],,zzzzzzzzzzzzzzzzzzzx
[object Object],Henderson-Massey,true,,,,,[object Object],,zzzzzzzzzzzzzzzzzzzy
[object Object],Susan Diao,,,,,,[object Object],,04bqgvMb8IqIOAm6FQbh
[object Object],Joseph Erceg,,,,,,[object Object],,42lFyKlav9BMeAfDDZVU
[object Object],Tua Schuster,,,,,,[object Object],,52riWlOdwtPvAutq5LWR
[object Object],Oscar Kightley,,,,,,[object Object],,8MkvPhffwc6NLJc4QjuD
[object Object],Gurdeep Talwar,,,,,,[object Object],,92HXsutdSiDed2GO8kqH
[object Object],John Riddell,,,,,,[object Object],,FyBQcoSDhPVrHYLR37ou
[object Object],Ingrid Papau,,,,,,[object Object],,K87a8w1UNMrzVtOj09xR
[object Object],Chimene Del La Varis,,,,,,[object Object],,KGMkFG02Ym2edhxcwb7G
[object Object],Brenda Brady,,,,,,[object Object],,VMwyTdj4udl4A223nguJ
[object Object],Brooke Loader,,,,,,[object Object],,W2PS2CNLAKOAvM2JlWhX
[object Object],Peter Chan,,,,,,[object Object],,ej4q6dqgAMcMct8vDivv
[object Object],Bob Jessopp,,,,,,[object Object],,hWQyCg1HcZAuiyPw813r
[object Object],Dan Collins,,,,,,[object Object],,nLEi1EJYv0HoDlmUNmff
[object Object],Geoff Webster,,,,,,[object Object],,oRTmaxSjZL2PjQD80Ibe
[object Object],Sanjay Datt Sharma,,,,,,[object Object],,qo0V7NSdcQ8vKuSmpSIK
[object Object],Will Flavell,,,,,,[object Object],,sg4TfWAlyLJRLBCcsWVp
[object Object],Sunil Kaushal,,,,,,[object Object],,teu9Qx5YhZub2fSkFI3z
[object Object],Jacqui Harema,,,,,,[object Object],,vAoeDj4a9AK7bqscqrUx
[object Object],Chris Carter,,,,,,[object Object],,vf8cGMMBDcr5IYbRr1R9
[object Object],Michael Coote,,,,,,[object Object],,wumMsyQQWKYDrn2mjhrP
[object Object],Waitākere Ranges,true,,,,,[object Object],,zzzzzzzzzzzzzzzzzzzy
[object Object],Waitākere Ranges,true,,,,,[object Object],,zzzzzzzzzzzzzzzzzzzy
[object Object],Allan Geddes,,,,,,[object Object],,0cewQMskOuweXal0SwcF
[object Object],Noel Watson,,,,,,[object Object],,6U5XHaIP50qpqPTpCOVj
[object Object],Mark Allen,,,,,,[object Object],,BytuIrx1Jvf4UYSEMp5r
[object Object],Greg Presland,,,,,,[object Object],,CCYqcQyDfvg6ku0wJlqd
[object Object],Wendy Fowler,,,,,,[object Object],,JYUz0MVMQlt6RvkuWyIL
[object Object],Mark Roberts,,,,,,[object Object],,LFb4UCfauoXGo9y6l8tQ
[object Object],Rob Gore,,,,,,[object Object],,NIBETP6yoiHYCVp1Q4ka
[object Object],Sandra Coney,,,,,,[object Object],,gM1FkxfzFD5CGwPYU03F
[object Object],Jessamine Fraser,,,,,,[object Object],,mgOyf4gpCBA1NDqg71kB
[object Object],Linda Potauaine,,,,,,[object Object],,nabnaWkS8rQEgSpLXnyj
[object Object],Alan Mcardle,,,,,,[object Object],,nl0NfIPENL7uod42TNsV
[object Object],Liz Manley,,,,,,[object Object],,sk6brhI2DGzu9md72Zxl
[object Object],Angus Cathcart,,,,,,[object Object],,wOgB3jocHe5Jk8SR1D5c
[object Object],Michelle Clayton,,,,,,[object Object],,zBbv2xS7S9CSDDOL9Hr8
[object Object],Ken Turner,,,,,,[object Object],,zX4b4Y55eBx67jVrF3cw
[object Object],Shawn Blanchfield,,,,,,[object Object],,05Xx93yOct0kInILhx2l
[object Object],Shane Henderson,,,,,,[object Object],,4YloZfGsntsqk2IHmk5d
[object Object],Linda Cooper,,,,,,[object Object],,FE5ugBvknjvryF0z69Ib
[object Object],Ken Turner,,,,,,[object Object],,VDAc1ScYrXFJnB8A9G26
[object Object],Aimela Hansen,,,,,,[object Object],,VxgEGkJ6LTvuKITu4rWg
[object Object],Michael Coote,,,,,,[object Object],,aqhHXiqqaJhu3sDGh2Ac
[object Object],Tua Schuster,,,,,,[object Object],,hrFhXTILlekGYu4TXGWB
[object Object],Peter Chan,,,,,,[object Object],,xlVBCxG9rLokZ2uoNLSs
[object Object],Rodney,true,,,,,[object Object],,5LcejaRWTJoYW3rI9mgL
[object Object],Rodney,true,,,,,[object Object],,zzzzzzzzzzzzzzzzzzzy
[object Object],Wellsford,true,,,,,[object Object],,zzzzzzzzzzzzzzzzzzzv
[object Object],Colin Gregory Smith,,,,,,[object Object],,h0FEP8D5cwZBAZS0wncn
[object Object],Libby Clews,,,,,,[object Object],,zktGNSasDwfG8wYb1NAs
[object Object],Warkworth,true,,,,,[object Object],,zzzzzzzzzzzzzzzzzzzw
[object Object],Kathie Hills,,,,,,[object Object],,4YoAjlPquAVNT8SEqvIU
[object Object],Greg Wyatt,,,,,,[object Object],,CLubyiffJtcYR7QiBKNN
[object Object],Malcolm Ross Black,,,,,,[object Object],,IdfvjqleiOzBdR2DO4ZF
[object Object],Anne Perratt,,,,,,[object Object],,JIFsD2jxKCIdaXxA3zTG
[object Object],Ivan Wagstaff,,,,,,[object Object],,ZiSIcjXzWkXQDYSTlpqg
[object Object],Michelle Lisa Carmichael,,,,,,[object Object],,cSQSFm69z6orvf8JIk3W
[object Object],Tim Holdgate,,,,,,[object Object],,l4hwUQsqC4ntQSrjbvFP
[object Object],Steven Garner,,,,,,[object Object],,ypLZcV3qw7FQTcH87rdj
[object Object],Kumeū,true,,,,,[object Object],,zzzzzzzzzzzzzzzzzzzx
[object Object],Geoff Upson,,,,,,[object Object],,06ApLdBAjWYXtSruczKr
[object Object],Guy Wishart,,,,,,[object Object],,E3D70J5hn9C7F2YyxbIc
[object Object],Warren William Flaunty,,,,,,[object Object],,Jf4nzG7j5AePYMiR4fQE
[object Object],Paul Robinson,,,,,,[object Object],,KSETbT995LiUUgLybn6v
[object Object],Mike Shaw,,,,,,[object Object],,RJOeL7ImEQQoE2yW0ax1
[object Object],Mark Dennis,,,,,,[object Object],,S1zd17uOUaYXnmLmKRJ5
[object Object],Danielle Hancock,,,,,,[object Object],,bNwjDEp4mJTEZARQ346t
[object Object],Claire Buckley,,,,,,[object Object],,iFwzhlJ2K7ZL1Awl8KH3
[object Object],Angus John Stott,,,,,,[object Object],,jNnvup4ogCGfOnDFTEk1
[object Object],Chris Newman,,,,,,[object Object],,v8UC4v4pY2Y5i5CBJjWp
[object Object],Brent Bailey,,,,,,[object Object],,vbtmH6GMifrS1I765g99
[object Object],Dairy Flat,true,,,,,[object Object],,zzzzzzzzzzzzzzzzzzzy
[object Object],Louise Johnston,,,,,,[object Object],,Ri69HgQpuEFZ8Npkt5Nq
[object Object],Rob Ryan,,,,,,[object Object],,GfWcxVLRp8VvBhJAQTzH
[object Object],Hannah North,,,,,,[object Object],,ICCzduZ88Ub184v1Z2IM
[object Object],Anne Perratt,,,,,,[object Object],,IV1STFarjHcWhfGoSLCh
[object Object],Beth Houlbrooke,,,,,,[object Object],,M7pQ1N6x1QQz64eNFWxy
[object Object],Greg Sayers,,,,,,[object Object],,dQLG1Q5x0fA2NJl9UO8Z
[object Object],Ōrākei,true,,,,,[object Object],,5LcejaRWTJoYW3rI9mgM
[object Object],Albert-Eden,true,,,,,[object Object],,zzzzzzzzzzzzzzzzzzzw
[object Object],Ōwairaka,true,,,,,[object Object],,zzzzzzzzzzzzzzzzzzzx
[object Object],Thomas Sayers,,,,,,[object Object],,8kOPx5AyX3OzhKtaD1WF
[object Object],Tesi Naufahu,,,,,,[object Object],,9NhlWBqRIQdUlqj2XK5U
[object Object],Julia Maskill,,,,,,[object Object],,FE01AmlFC2Z9AQCkRySr
[object Object],Jake Curran,,,,,,[object Object],,MXLoMpLTBh1tZGdlxvJI
[object Object],Margi Watson,,,,,,[object Object],,dQIGlY4LurtRy2DGx2DA
[object Object],Christina Robertson,,,,,,[object Object],,eJm7zUXRMHvYkWyKLyXT
[object Object],Will Mckenzie,,,,,,[object Object],,jSIdAs2epP5Mlnj3Lbpf
[object Object],Olivia Witney,,,,,,[object Object],,l12fNz0NtqVNt47ejmS1
[object Object],Liv Roe,,,,,,[object Object],,rJq4o4SMr0S6IML9QpwI
[object Object],Maungawhau,true,,,,,[object Object],,zzzzzzzzzzzzzzzzzzzy
[object Object],Chrystal Thompson,,,,,,[object Object],,FwAJieIuNO3OkyxXdFZT
[object Object],Kendyl Smith,,,,,,[object Object],,Z9QqSRPTarZgX3kI2JF8
[object Object],Benji Fraser,,,,,,[object Object],,aHUNiIlUKO79dNZaM03p
[object Object],Jack Tan,,,,,,[object Object],,dlW5GCwRcCXn1Cm37Mn6
[object Object],Luke Johnson,,,,,,[object Object],,oGtpJo0zwWUw3FH9PMkO
[object Object],Suveen Sanis Walgampola,,,,,,[object Object],,pvEBQlas2sq7tBlsCkr9
[object Object],Rex Smith,,,,,,[object Object],,s2Gfm2NAVadWd4872Z1F
[object Object],José Fowler,,,,,,[object Object],,wjOX2nnaDduOdVepiacB
[object Object],Ōrākei,true,,,,,[object Object],,zzzzzzzzzzzzzzzzzzzx
[object Object],Ōrākei,true,,,,,[object Object],,zzzzzzzzzzzzzzzzzzzy
[object Object],Sarah Powrie,,,,,,[object Object],,2SAqpYaiYtAvbpPGqBTj
[object Object],Angus Mcphee,,,,,,[object Object],,CrfyQyZsyOteWbdmNyeY
[object Object],Mary Nelson,,,,,,[object Object],,KvoNxcY3ZkCsrQ9GJOWh
[object Object],Mike Padfield,,,,,,[object Object],,OqY8tkrkgROJijpn2MPH
[object Object],Troy Churton,,,,,,[object Object],,OqhtNopsxtnrZkJiX3UW
[object Object],Penny Tucker,,,,,,[object Object],,TA7ZFqFSMtxt6BnTd99J
[object Object],Scott Milne,,,,,,[object Object],,TyKxWipOOWvq1gjXeQby
[object Object],Margaret Voyce,,,,,,[object Object],,dbhCBgPGiQDdAba0OfWg
[object Object],David Wong,,,,,,[object Object],,j83m9vc4SXwSpRJ0ovf2
[object Object],Faith Aaron,,,,,,[object Object],,oxU51ROnWoFrnYPIE4u6
[object Object],Waitematā,true,,,,,[object Object],,zzzzzzzzzzzzzzzzzzzy
[object Object],Waitematā,true,,,,,[object Object],,zzzzzzzzzzzzzzzzzzzy
[object Object],Pete Marshall,,,,,,[object Object],,1SYzmZC05g41wE17Tequ
[object Object],Antony Phillips,,,,,,[object Object],,47DPqB0nBMFNN5DyYnSL
[object Object],Grant William Mountjoy,,,,,,[object Object],,7TKyixDSjLBinxld0Oao
[object Object],Mike Burton,,,,,,[object Object],,8ahhN9wjj7XwajnrWnHN
[object Object],Shayne La Rosa,,,,,,[object Object],,904f1eqYbdz1QXIH6na3
[object Object],Genevieve Sage,,,,,,[object Object],,EuMxFczYY8lVEfFPNouT
[object Object],Chris Severne,,,,,,[object Object],,GmVCkZj38OKXKqua79wA
[object Object],Gael Baldock,,,,,,[object Object],,WMV0CDslN464TNvRCBjH
[object Object],Glenda Fryer,,,,,,[object Object],,YRwzFs8PPtnMQHlTUX6d
[object Object],Stephen May,,,,,,[object Object],,e6VMIrjLku1aHt1DpP1p
[object Object],Alexandra Bonham,,,,,,[object Object],,fXM1YS85l4cUD6efDlvX
[object Object],Michael Kanara,,,,,,[object Object],,j7apDNbW13ht0HkX1u5z
[object Object],Rosemary Peppermint,,,,,,[object Object],,kG9lRnO3iz4WVXdocG4b
[object Object],Anahera Rawiri,,,,,,[object Object],,nVZedeiyimN9EMBYTc9s
[object Object],Greg Moyle,,,,,,[object Object],,o96hBYIbcn15iXkziiki
[object Object],Allan Matson,,,,,,[object Object],,tksct0XDTuxhcgX0vqBj
[object Object],Richard Northey,,,,,,[object Object],,xz2hmDQGwBDO8gMctq57
[object Object],Sarah Trotman,,,,,,[object Object],,ymcJTJ0LB52U9ZU1v12L
[object Object],Andi Liu,,,,,,[object Object],,zRaxcFZD4n1AbvluCEB2
[object Object],Len Ward,,,,,,[object Object],,zgLQZmabTbTMl5SdzYSL
[object Object],Faith Aaron,,,,,,[object Object],,0cie166P0lq0e0idgI67
[object Object],Desley Simpson,,,,,,[object Object],,5bSYQBFeCcxXgGEWhX9H
[object Object],North Shore,true,,,,,[object Object],,5LcejaRWTJoYW3rI9mgN
[object Object],Kaipātiki,true,,,,,[object Object],,zzzzzzzzzzzzzzzzzzzx
[object Object],Kaipātiki,true,,,,,[object Object],,zzzzzzzzzzzzzzzzzzzy
[object Object],John Gillon,,,,,,[object Object],,16bKbuFnCRE11nmsuXAW
[object Object],Erica Hannam,,,,,,[object Object],,33obBdVktsCAHvaR64XH
[object Object],Emma Ryburn-Phengsavath,,,,,,[object Object],,7TecXAlw7qwBlfFHvyT4
[object Object],Tim Spring,,,,,,[object Object],,CbodpnXmXKHAxpwgOt17
[object Object],Ngozi Penson,,,,,,[object Object],,K7TDV7rMbDbMVXOoFkBf
[object Object],Daniel Bercich,,,,,,[object Object],,M4g4gUUU5SaihYoMhNKk
[object Object],Andrew Shaw,,,,,,[object Object],,MFgr4qLLydBLwxif6pGl
[object Object],Dave Kaio,,,,,,[object Object],,RyJrHM13jWEPqR3Th6cD
[object Object],Mark Lowrie,,,,,,[object Object],,UnypOtEdX5qep8GV2aaE
[object Object],Adrian Tyler,,,,,,[object Object],,WJqPALqkZ3chhmrvN3O7
[object Object],Murrey Dearlove,,,,,,[object Object],,ZAx8grB4YhC29AguYkxP
[object Object],Lleuarne Panoho,,,,,,[object Object],,a7bDgi77RkO0QQrFZlyv
[object Object],Liz Hurley,,,,,,[object Object],,cIVHmoT70Y0wiiPynSFQ
[object Object],Matthew Campbell,,,,,,[object Object],,cKqdFkmV0A5hdud30zYD
[object Object],Joe Zhou,,,,,,[object Object],,geyoS1L8nZEAwKYeqSEy
[object Object],Danielle Grant,,,,,,[object Object],,jEfToPSvygiRawiw1FJB
[object Object],Sesalina Setu,,,,,,[object Object],,jicflxFRkV5s28xTy6RA
[object Object],Tim Marshall,,,,,,[object Object],,p4jLEkrXX7TGw0n7WolG
[object Object],Raymond Tan,,,,,,[object Object],,qI1Qur8f3c0PeX4JRbBQ
[object Object],Melanie Kenrick,,,,,,[object Object],,rjBYW63reB6aDfpYr3Na
[object Object],Janet Tupou,,,,,,[object Object],,snhCgwOdhVCHt00EVXgC
[object Object],Ryan Nicholls,,,,,,[object Object],,uAlod8QDsZWNCQWlzbg2
[object Object],Paula Gillon,,,,,,[object Object],,x125iuw5CSfFKdXQQJ3g
[object Object],Devonport-Takapuna,true,,,,,[object Object],,zzzzzzzzzzzzzzzzzzzy
[object Object],Devonport-Takapuna,true,,,,,[object Object],,zzzzzzzzzzzzzzzzzzzy
[object Object],Toni Van Tonder,,,,,,[object Object],,74MmoQVFpXy5QpjFBxyP
[object Object],Kurt Keiller,,,,,,[object Object],,Gav7oOUaStOnD3KjitMM
[object Object],John Maidment,,,,,,[object Object],,HLpOnKFO1QyIT5vpkBN3
[object Object],Trish Deans,,,,,,[object Object],,Lpvj8PeLeDBxZBjIPBAP
[object Object],Mike Single,,,,,,[object Object],,Rl48EoKXJaZrH0kEqMs5
[object Object],Ruth Jackson,,,,,,[object Object],,ShhZ3smkyZLRgWfDiz3V
[object Object],Kent Tregonning,,,,,,[object Object],,U09VMrcUoXbZNIY8igI8
[object Object],Jan O'Connor,,,,,,[object Object],,aco0CDkm1qVdehpbc3Qv
[object Object],Terence Harpur,,,,,,[object Object],,avmHlMBHEmGYXjKhPaTR
[object Object],Kevin Brett,,,,,,[object Object],,bd6rJhGgQMQ8qmOVXAVF
[object Object],Bridget Thrussell,,,,,,[object Object],,grvmhuUf2HW6aRj8xEje
[object Object],Cherie Keiller,,,,,,[object Object],,j0CM5BEszZV3w7oorxq2
[object Object],Gavin Busch,,,,,,[object Object],,j5Unu8QeU3QSvL9j4gjs
[object Object],George Wood,,,,,,[object Object],,lKWMFbXbfNR8CaQrYDWK
[object Object],Michele Mcgregor,,,,,,[object Object],,mO9ddbJkQ8a3Vz9pbiUV
[object Object],Zane Catterall,,,,,,[object Object],,mQjtCQuzhgBKJUIsGbY9
[object Object],Peter Allen,,,,,,[object Object],,pte6PYpWxzIpf3ezODnz
[object Object],Melissa Powell,,,,,,[object Object],,sviPX3Dq0tcnQyyr6isK
[object Object],Sam Welsh,,,,,,[object Object],,vEG2OzW69NacheSN2IwS
[object Object],Tony Bunting,,,,,,[object Object],,zqpwNHBkbDjt5oV0NezJ
[object Object],Richard Hills,,,,,,[object Object],,4RB1RJdvK5U9reAzWUQC
[object Object],Raymond Tan,,,,,,[object Object],,Lt8SyKIrxXP9v0IkUMvB
[object Object],Chris Darby,,,,,,[object Object],,WsXRPChLfXE640Ui8mUK
[object Object],Adrian Tyler,,,,,,[object Object],,dJVxQMhFSczkHoQUJPms
[object Object],George Wood,,,,,,[object Object],,i7CaH8f0EuH65iurwRlJ
[object Object],Danielle Grant,,,,,,[object Object],,s4rpZPewG4gsmvDhgHT7
[object Object],Tony Bunting,,,,,,[object Object],,zQPFwaD7RVNDumS4uzDE
[object Object],Manukau,true,,,,,[object Object],,AULpQphVk9eQc7uW9vQY
[object Object],Ōtara-Papatoetoe,true,,,,,[object Object],,zzzzzzzzzzzzzzzzzzzx
[object Object],Papatoetoe,true,,,,,[object Object],,zzzzzzzzzzzzzzzzzzzx
[object Object],Michael Morris,,,,,,[object Object],,3iOecIJlUWO6SAmRfdbs
[object Object],Albert Lim,,,,,,[object Object],,9F3zTEuBBCqfKFSi9lki
[object Object],Vi Hausia,,,,,,[object Object],,Awx10Wl2EjKNAOupuhzB
[object Object],Dawn Trenberth,,,,,,[object Object],,EQGFe8x8ELiqeK8Wf8De
[object Object],Ofa Dewes,,,,,,[object Object],,KfT9bSlIlR2zmj8mAgBD
[object Object],Anne Nicholas,,,,,,[object Object],,KuUXaOYGQhnDEH2BZagy
[object Object],Zara Faith Marsters,,,,,,[object Object],,Rf7p6OPe7YfzWdXjvIDK
[object Object],Peter Dons,,,,,,[object Object],,Y4NItJBNMD71NOIv3mtd
[object Object],Harold Deo,,,,,,[object Object],,akseN2tTRgUTrjBg9kXB
[object Object],Karnail Singh,,,,,,[object Object],,fIoW3rzLITEpFOLImeXm
[object Object],Ashraf Choudhary,,,,,,[object Object],,n4AphVXhhgRlZlxHtRHd
[object Object],Ōtara,true,,,,,[object Object],,zzzzzzzzzzzzzzzzzzzy
[object Object],Topou Folau,,,,,,[object Object],,1MzjSDVpC4eTusqNHh5i
[object Object],Raymond Tuifua,,,,,,[object Object],,F4ElyLRA5B9sgtrU5NSR
[object Object],Swanie Nelson,,,,,,[object Object],,I96BWQprrDpF2Glwn22k
[object Object],Albert Marley Jackson,,,,,,[object Object],,bRKDcfV4GI8r85Yng2zH
[object Object],Apulu Reece Autagavaia,,,,,,[object Object],,jmAMWpsMrN8XfArkE87t
[object Object],Māngere-Ōtāhuhu,true,,,,,[object Object],,zzzzzzzzzzzzzzzzzzzy
[object Object],Māngere-Ōtāhuhu,true,,,,,[object Object],,zzzzzzzzzzzzzzzzzzzy
[object Object],Moana Margaret Herewini,,,,,,[object Object],,26OjCQdTvEKFyYowUXG4
[object Object],Papaliitele Lafulafu Peo,,,,,,[object Object],,BU3IjVJEinzAcuP6WGcc
[object Object],Tauanu'u Nick Bakulich,,,,,,[object Object],,KTW5WwxR9tnp3Gj5KVBq
[object Object],Joe Glassie-Rasmussen,,,,,,[object Object],,MStfep79Y8i9lQu9pWi6
[object Object],Malcolm Turner,,,,,,[object Object],,OuwGElRoKVyIE1PtJl6A
[object Object],Raneeta Lavasii-Failua,,,,,,[object Object],,RACl1RHsCaLpVZ9XNHt7
[object Object],Mii Teariki,,,,,,[object Object],,UkVYTSsSGSVauNy4wVc8
[object Object],Harry Fatu Toleafoa,,,,,,[object Object],,Z0SB3uiLYw25CjNFmcDz
[object Object],Makalita Kolo,,,,,,[object Object],,ae6wG9vk0bulmcq3kGi5
[object Object],Christine Frances O'Brien,,,,,,[object Object],,cBT55gHq4qJGXNXfPPvo
[object Object],Michelle Hohepa,,,,,,[object Object],,d80m01NhrY8GfzkKFQa7
[object Object],Togiatolu Walter Togiamua,,,,,,[object Object],,ld3rWPDQ4P31HQ2V6uK6
[object Object],Malcolm Turner,,,,,,[object Object],,3G5MUlDgtzZODHHlykSP
[object Object],Hine Afeaki,,,,,,[object Object],,M6pxI7PKMd5MIaUTDDHt
[object Object],Alf Filipaina,,,,,,[object Object],,qOkgy6BLw0hmM9HFFJKD
[object Object],Lotu Fuli,,,,,,[object Object],,tsS8dmWgPbF5I4SHwvVl
[object Object],Manurewa-Papakura,true,,,,,[object Object],,cHFa1VnpIhfeIld4ArBo
[object Object],Papakura,true,,,,,[object Object],,zzzzzzzzzzzzzzzzzzzx
[object Object],Papakura,true,,,,,[object Object],,zzzzzzzzzzzzzzzzzzzy
[object Object],Hine Lillian Joyce-Tahere,,,,,,[object Object],,46zVhcg50UW3CSHd3mFS
[object Object],George Hawkins,,,,,,[object Object],,EGcCOslH1hVm7YnsE5fb
[object Object],Kelvin Hieatt,,,,,,[object Object],,F8IcWyVUvUTsBcDTsJnn
[object Object],Felicity Jane Auva'A,,,,,,[object Object],,FmH7fSqxMv7LoVGmXAtc
[object Object],Brent Catchpole,,,,,,[object Object],,OhHgqlKjGAMSNE1T5ymq
[object Object],Karin Kerr,,,,,,[object Object],,Vs1uObW3j9xgKb55fnHS
[object Object],Pania Wilson,,,,,,[object Object],,ZBCwhOmV5Guvuofh7lHJ
[object Object],Kritika Selach,,,,,,[object Object],,ZIIw05ltNioKV8CpyuyY
[object Object],Jan Robinson,,,,,,[object Object],,by9GYUN9lz5HMBPN7jxd
[object Object],Mel Browne,,,,,,[object Object],,f2mLxWFN0WATAcxwDx9W
[object Object],Andrew Webster,,,,,,[object Object],,i8QfJeixBnYERFMhb3RY
[object Object],Warren Newcombe,,,,,,[object Object],,n4fuFntLoUIoLyNhexuo
[object Object],Alex Moulton,,,,,,[object Object],,zCommLHCX0o7o2k9CZmO
[object Object],Manurewa,true,,,,,[object Object],,zzzzzzzzzzzzzzzzzzzy
[object Object],Manurewa,true,,,,,[object Object],,zzzzzzzzzzzzzzzzzzzy
[object Object],Stephen Holden,,,,,,[object Object],,1HRtRNvtRpfyBvZ9xxRj
[object Object],Anne Candy,,,,,,[object Object],,5Eq066Mq2w2ZtEXt968Y
[object Object],Matt Winiata,,,,,,[object Object],,75cMzzAo4jHMcgAZEaCC
[object Object],Gadiel Asiata,,,,,,[object Object],,8GCOpaKO01xCIyJ1stvb
[object Object],Ezekiel Robson,,,,,,[object Object],,8Xto9cndTqxG7Qog1bDx
[object Object],Namulau'ulu Anne Singh,,,,,,[object Object],,Cf3tzT7TRzicQsUp5262
[object Object],Sago Feagaiga,,,,,,[object Object],,IoBU3zvV1UBQcBbeMM6R
[object Object],Marshal Ahluwalia,,,,,,[object Object],,Ji34pKTOrbzbz15JYdOO
[object Object],Glenn Murphy,,,,,,[object Object],,JzupnA5PqKWv8m98b4Wq
[object Object],Hilda Peters,,,,,,[object Object],,KgYRwjqynkbFk1hRV6pk
[object Object],Ally Billaney,,,,,,[object Object],,MaBE0mYMLgLVaV4ayj6D
[object Object],Joseph Allan,,,,,,[object Object],,MebnPzu0Sw6c8VO9PLCV
[object Object],Melissa Moore,,,,,,[object Object],,Nx6539rEJkEPEVHtoODU
[object Object],Ani Armstrong,,,,,,[object Object],,QpvYGe92HYczE0pLwt1Z
[object Object],Andrew Lesa,,,,,,[object Object],,ViDIuEZ83KfLaCVrz1dz
[object Object],Angela Cunningham-Marino,,,,,,[object Object],,W62YtKv2MCgJjrSYWubn
[object Object],Kharag Singh,,,,,,[object Object],,WiybAzKO1xmzEvqdASbn
[object Object],Ilango Krishnamoorthy,,,,,,[object Object],,aCIeivbl4eCOjC2EV0Cu
[object Object],Tarsh Kemp,,,,,,[object Object],,cgTPXeTSNi3LpmeFDXoF
[object Object],Renee Maxwell,,,,,,[object Object],,dHSVwz4sfgUekFx99vGc
[object Object],Bonita Misilisi,,,,,,[object Object],,guoLzXReCf1GrlJZUTz3
[object Object],Luella Linaker,,,,,,[object Object],,l93pqsysjdsksSi0tFRl
[object Object],Harry Pupuke,,,,,,[object Object],,nIdCodYjGDbl1rMIjuFm
[object Object],David Tennent,,,,,,[object Object],,nxCZHfGh7mJ0HyOvjQ2M
[object Object],Kirimangu Tautogia,,,,,,[object Object],,q9mIFVAiJu1DkWHhphw0
[object Object],Jonaan Mcleod,,,,,,[object Object],,tjnyNL7cHGs1U4FlcKZ6
[object Object],Rangi Mclean,,,,,,[object Object],,vDOtIJp2sJPQDHLmc9N2
[object Object],Heather Andrew,,,,,,[object Object],,wrKARddnNjwWfRKUBVNB
[object Object],Raniera Pene,,,,,,[object Object],,zg8hP8OVfMwn6Yr8cMPj
[object Object],Ilango Krishnamoorthy,,,,,,[object Object],,19icJlfQAjgp0JUREby6
[object Object],Karin Kerr,,,,,,[object Object],,DlbWTjXpOS1v4RtSVsv7
[object Object],Daniel Newman,,,,,,[object Object],,JTKR2BPtTnlxmpSme3nI
[object Object],Rangi Mclean,,,,,,[object Object],,XkZ2p0rPJOEtjE4uq5id
[object Object],Sago Feagaiga,,,,,,[object Object],,kzRnzW18liGSR5qvuQGq
[object Object],Angela Dalton,,,,,,[object Object],,uynuSklHssYMRMFiwhta
[object Object],Maungakiekie-Tāmaki,true,,,,,[object Object],,iYYyRiS14684v1Zl9QKO
[object Object],Albert-Eden,true,,,,,[object Object],,zzzzzzzzzzzzzzzzzzzw
[object Object],Ōwairaka,true,,,,,[object Object],,zzzzzzzzzzzzzzzzzzzx
[object Object],Liv Roe,,,,,,[object Object],,Cp1uaJzBeA4yf7BwRfp6
[object Object],Jake Curran,,,,,,[object Object],,FlYyfSKfOBzknVDgZX84
[object Object],Julia Maskill,,,,,,[object Object],,WszyPhCFliLEkr9olgUF
[object Object],Margi Watson,,,,,,[object Object],,ZCBE4yKWQQQwa7XFZS4W
[object Object],Tesi Naufahu,,,,,,[object Object],,a89pAxY728AWzEQGSjxz
[object Object],Christina Robertson,,,,,,[object Object],,eK48WIz4hqOJzqTMSrz2
[object Object],Olivia Witney,,,,,,[object Object],,kGqd6ZdccSflLWOSjjVV
[object Object],Thomas Sayers,,,,,,[object Object],,odDGNqPiKqbEbThfvdDG
[object Object],Will Mckenzie,,,,,,[object Object],,wupdORDOaO8wdHev0vRF
[object Object],Maungawhau,true,,,,,[object Object],,zzzzzzzzzzzzzzzzzzzy
[object Object],Suveen Sanis Walgampola,,,,,,[object Object],,4pGC7dmlC5OJ7eL9En7k
[object Object],José Fowler,,,,,,[object Object],,YdWJcB0CPoPYLjnLRgSr
[object Object],Jack Tan,,,,,,[object Object],,ZGDTqeGeHCvSMkDYDCgP
[object Object],Benji Fraser,,,,,,[object Object],,dWNgj5mx1PfWIMQXoykE
[object Object],Rex Smith,,,,,,[object Object],,iLiYKNch7WV3UIQzCgpk
[object Object],Luke Johnson,,,,,,[object Object],,iQ5KSnqVYSyzRe2XtUNf
[object Object],Chrystal Thompson,,,,,,[object Object],,s568Ytc4rR69ItohmB0y
[object Object],Kendyl Smith,,,,,,[object Object],,sij9dCj7WXuSMSX6QngJ
[object Object],Ōrākei,true,,,,,[object Object],,zzzzzzzzzzzzzzzzzzzx
[object Object],Ōrākei,true,,,,,[object Object],,zzzzzzzzzzzzzzzzzzzy
[object Object],Margaret Voyce,,,,,,[object Object],,3gBbPZ1w3zhzxfA3bTld
[object Object],Faith Aaron,,,,,,[object Object],,6Dun0lweCmsdFooH0Nph
[object Object],Sarah Powrie,,,,,,[object Object],,IfOMrjjTtC6xnMZ8NsJp
[object Object],Mary Nelson,,,,,,[object Object],,PBvUhykH8sS2J8JatJbP
[object Object],Penny Tucker,,,,,,[object Object],,W4M6b6xWkEEBpGI7hOAQ
[object Object],David Wong,,,,,,[object Object],,broRQIEd5YdjT4dvIfil
[object Object],Mike Padfield,,,,,,[object Object],,cRvq6vmkKQsx3FE60lEc
[object Object],Scott Milne,,,,,,[object Object],,hnYJkUEiI0czG5QJe4WX
[object Object],Troy Churton,,,,,,[object Object],,pA0xlLK00uUd7tXlOXIA
[object Object],Angus Mcphee,,,,,,[object Object],,vz17tZ6RTwprrMVzaCso
[object Object],Maungakiekie-Tāmaki,true,,,,,[object Object],,zzzzzzzzzzzzzzzzzzzy
[object Object],Tāmaki,true,,,,,[object Object],,zzzzzzzzzzzzzzzzzzzx
[object Object],Tabetha Elliott,,,,,,[object Object],,3dqOKBul6tKXqnXOMkm8
[object Object],Michael Pepper,,,,,,[object Object],,GFc5ubiOgFzjiCc8HDzJ
[object Object],John Alcock,,,,,,[object Object],,Lvv5jxjDHWbyPht5c6Iq
[object Object],Tania Batucan,,,,,,[object Object],,MzrZmSYumlnURNBrecBI
[object Object],Simon Hema,,,,,,[object Object],,PHizdpPPFNQKjOCJtYWN
[object Object],Chris Makoare,,,,,,[object Object],,ZcrsANvaen6qSzFOydRs
[object Object],Nerissa Henry,,,,,,[object Object],,aihvHSALH6DxE8gIRyZX
[object Object],Peter McGlashan,,,,,,[object Object],,c4oUZGXAMsDOpGyzARMH
[object Object],Sameerah Al-Saadi,,,,,,[object Object],,w2nM6m7h4h4xmABMWT3w
[object Object],Maria Meredith,,,,,,[object Object],,yv4yaRqCfI8iltGGyfev
[object Object],Maungakiekie,true,,,,,[object Object],,zzzzzzzzzzzzzzzzzzzy
[object Object],Debbie Burrows,,,,,,[object Object],,6KyqwRLcePhmfYscRa5B
[object Object],Chhaya Rana,,,,,,[object Object],,8xmSU7MfNZA9cYizPoKS
[object Object],Stuart Lithgow,,,,,,[object Object],,9dlBAhfucJVfJMedwwPu
[object Object],Tony Woodcock,,,,,,[object Object],,MMzGNnDEfTeYwbSaV81k
[object Object],Danika Revell,,,,,,[object Object],,UdID9WDtXnLhjnfPOE6a
[object Object],Don Allan,,,,,,[object Object],,bmXW5OyaFfbc0i01WgwC
[object Object],Dianna Fuka,,,,,,[object Object],,lMJk1QYxAam6vwctPidI
[object Object],Christopher Carroll,,,,,,[object Object],,ncsoQQeaPMOH5AJp58PP
[object Object],Josephine Ruth Bartley,,,,,,[object Object],,OlMJYSqjaHbsVarusuQe
[object Object],John Peebles,,,,,,[object Object],,fmPQhJEwDeTOAfEZUPZd
[object Object],Troy Elliott,,,,,,[object Object],,naTPSH6UEU1ezhPYKtcq
[object Object],Christopher Carroll,,,,,,[object Object],,thbs8VybntjAJK7D120H
[object Object],Howick,true,,,,,[object Object],,sNe0C0FCLog9KuvwGPxF
[object Object],Howick,true,,,,,[object Object],,zzzzzzzzzzzzzzzzzzzw
[object Object],Pakuranga,true,,,,,[object Object],,zzzzzzzzzzzzzzzzzzzw
[object Object],Katrina Bungard,,,,,,[object Object],,8T6vrOIIuJmZvHiQ8RmG
[object Object],Billy Davis,,,,,,[object Object],,IjPDaXPaVsOfYYGZuH26
[object Object],Khalyd Baloch,,,,,,[object Object],,QG2d2b4VKAIV2arkIsli
[object Object],Vinson Yu,,,,,,[object Object],,RJAGsqFuocY26TcJIrIQ
[object Object],Bruce Kendall,,,,,,[object Object],,VIrDpEexaEHUEwQClbqY
[object Object],David Collings,,,,,,[object Object],,WzB0vCh0HJYKmsDO6EAP
[object Object],Campbell Matthews,,,,,,[object Object],,l1SDy2qPWraCnbW5gHqm
[object Object],Nichola Painter,,,,,,[object Object],,x9AaptrXYQEMCnJ97tn2
[object Object],Howick,true,,,,,[object Object],,zzzzzzzzzzzzzzzzzzzx
[object Object],Adele White,,,,,,[object Object],,HhEvtdIvS4SKwvU7YJr6
[object Object],Matthew Sheehy,,,,,,[object Object],,TN5Exqw038XmVx8DnVw0
[object Object],Bo Burns,,,,,,[object Object],,l8sABOS7aucR6V1AfN5Z
[object Object],Sharon Stewart,,,,,,[object Object],,nUwHKpv0WDaarz9iEAoc
[object Object],John Spiller,,,,,,[object Object],,wdIYqDUJzNoEDKjsEj2S
[object Object],Botany,true,,,,,[object Object],,zzzzzzzzzzzzzzzzzzzy
[object Object],Luke Collings,,,,,,[object Object],,2T94nIQS7IDPVFlofRMd
[object Object],Mark Terrill,,,,,,[object Object],,G5VpEAbVmxq2ZkZydJfj
[object Object],Damian Light,,,,,,[object Object],,HSHjuv8eOczeRvofcnhg
[object Object],Mike Turinsky,,,,,,[object Object],,JHjguVdqhlys8iU1zMT8
[object Object],Peter Young,,,,,,[object Object],,O02WgoveHvldemjlZqe8
[object Object],Judith Grant,,,,,,[object Object],,XFBBF2EFpNXJ3Ui0OvYQ
[object Object],Ashleigh Harding,,,,,,[object Object],,XIAUKkpBfaL3WQe383NG
[object Object],Ajay Bal,,,,,,[object Object],,gRHXC81ZdCo8MRJj6UwB
[object Object],Dwayne Hancock,,,,,,[object Object],,iR9EO5eR4aQat9uPNRj9
[object Object],Maurice Williamson,,,,,,[object Object],,DfRIS40xegWVMPBGP2En
[object Object],Morgan Xiao,,,,,,[object Object],,VIsx3axk25cm3s0bqu65
[object Object],Damian Light,,,,,,[object Object],,b0XvTDc92VliE5AUDaHE
[object Object],Paul Young,,,,,,[object Object],,i3K0HufEXZQsJSKiwhzc
[object Object],Sharon Stewart,,,,,,[object Object],,idRi2y6wkIg037hWStQB
[object Object],Bo Burns,,,,,,[object Object],,rdW54fKZ4gVOVjyISkxN
[object Object],Franklin,true,,,,,[object Object],,zzzzzzzzzzzzzzzzzzzw
[object Object],Franklin,true,,,,,[object Object],,zzzzzzzzzzzzzzzzzzzy
[object Object],Waiuku,true,,,,,[object Object],,zzzzzzzzzzzzzzzzzzzw
[object Object],Jill Ovens,,,,,,[object Object],,2xJ1CzwlSKFEUHjmph3p
[object Object],Bo Brenner,,,,,,[object Object],,3BRMU4lb5QJQVsfZXpbo
[object Object],Sharlene Druyven,,,,,,[object Object],,JEFiO8gwVqY5Pfl7fui9
[object Object],Gareth Manning,,,,,,[object Object],,eoDTzx4QoAjZc6Ct0qYp
[object Object],Jasmine Woolrich,,,,,,[object Object],,nAdTyfvGBVjhGv7a9B9I
[object Object],Vijayendra Sudhamalla,,,,,,[object Object],,xfz4Ror7NYxl8nG5R0Ma
[object Object],Gary Holmes,,,,,,[object Object],,zS5MxxK73zkcgkZMKIWl
[object Object],Tony Nelson,,,,,,[object Object],,ze7ou5GO0MQm4mwXenT7
[object Object],Wairoa,true,,,,,[object Object],,zzzzzzzzzzzzzzzzzzzx
[object Object],Malcolm Bell,,,,,,[object Object],,1japn9P4bMyMv8TYuLFy
[object Object],Amanda Hopkins,,,,,,[object Object],,H21WytgzCpOXTVtvgAOa
[object Object],Angela Fulljames,,,,,,[object Object],,yI6TUDX2nft5qYi71acA
[object Object],Pukekohe,true,,,,,[object Object],,zzzzzzzzzzzzzzzzzzzy
[object Object],Ian Cummings,,,,,,[object Object],,2XS09P7qaz66zT7xC5Ww
[object Object],Stuart Geoffrey Owers,,,,,,[object Object],,9DlaZVXph4AFp8ogorVL
[object Object],Amanda Kinzett,,,,,,[object Object],,JxvEN4mVfoQQ5fYdlxo7
[object Object],Nick Corlett,,,,,,[object Object],,LcaYw8nNpFV9yBSaepcM
[object Object],Prasan Tirunagari,,,,,,[object Object],,UFnCx0BOe8pBvjarJzhH
[object Object],Charlie Tuhua,,,,,,[object Object],,YBpip2knlUK3N50m0XgI
[object Object],Logan Soole,,,,,,[object Object],,f5m7kSFoZHWAQRN1PhFL
[object Object],Bruce Whitehead,,,,,,[object Object],,hQxVbS9hlP3zugCUVzUk
[object Object],Alan Cole,,,,,,[object Object],,j2prf04OIBN0HdAdwJuE
[object Object],Andrew Kay,,,,,,[object Object],,pJTiqO6aEb2C9MMnXnOi
[object Object],Lisa Buckingham,,,,,,[object Object],,t9Oz9XFddIsWLZhNyyFy
[object Object],Andy Baker,,,,,,[object Object],,RucqtcG5pjDNrEUCUycI
[object Object],Keven Mealamu,,,,,,[object Object],,TE9bkOzX6mvgc9529cID
[object Object],Albert-Eden-Puketāpapa,true,,,,,[object Object],,zzzzzzzzzzzzzzzzzzzx
[object Object],Albert-Eden,true,,,,,[object Object],,zzzzzzzzzzzzzzzzzzzv
[object Object],Ōwairaka,true,,,,,[object Object],,zzzzzzzzzzzzzzzzzzzx
[object Object],Thomas Sayers,,,,,,[object Object],,8CjDFs4wOBjExOBFCp1K
[object Object],Jake Curran,,,,,,[object Object],,UM42zjBn05u60dwJFTw7
[object Object],Julia Maskill,,,,,,[object Object],,UTnqp4EebDOx6v03zX3x
[object Object],Christina Robertson,,,,,,[object Object],,gYh90b21aSGRAMwjU3Qn
[object Object],Liv Roe,,,,,,[object Object],,gyUd8rEf3S9HFu9kwJ7Q
[object Object],Tesi Naufahu,,,,,,[object Object],,iVZGIvMh9hY99wQabSN2
[object Object],Olivia Witney,,,,,,[object Object],,oi0NGsViK8i800W5tY9k
[object Object],Will Mckenzie,,,,,,[object Object],,pxQLHUsaqGdBOPIdlISH
[object Object],Margi Watson,,,,,,[object Object],,ywa3qzlvN4zvpUws5uup
[object Object],Maungawhau,true,,,,,[object Object],,zzzzzzzzzzzzzzzzzzzy
[object Object],Suveen Sanis Walgampola,,,,,,[object Object],,GcHG3Prd54eYxJrufJAm
[object Object],Luke Johnson,,,,,,[object Object],,HafyPnQnd8EbHqa7LcQ7
[object Object],José Fowler,,,,,,[object Object],,NkKKxDdSQQSdD7QCC9Vy
[object Object],Jack Tan,,,,,,[object Object],,P48CoMwjNuNQjdphdTYE
[object Object],Chrystal Thompson,,,,,,[object Object],,REhOzlZMyXIk3GxteI9v
[object Object],Rex Smith,,,,,,[object Object],,j82Dm6j7miKmNZWobVZM
[object Object],Kendyl Smith,,,,,,[object Object],,w3sMCzCYbKqRGLaJ7cWU
[object Object],Benji Fraser,,,,,,[object Object],,zMCOuf4WcLTqso9bj1sz
[object Object],Maungakiekie-Tāmaki,true,,,,,[object Object],,zzzzzzzzzzzzzzzzzzzw
[object Object],Tāmaki,true,,,,,[object Object],,zzzzzzzzzzzzzzzzzzzx
[object Object],Peter McGlashan,,,,,,[object Object],,7ONBiDRFrWqryVNFq3Z5
[object Object],John Alcock,,,,,,[object Object],,Fv0SVN8uZ3PNKNqxX5a3
[object Object],Sameerah Al-Saadi,,,,,,[object Object],,OvV2k43ni3Ptuxr9m4gS
[object Object],Chris Makoare,,,,,,[object Object],,Pp5Hem4HIcMs2x0eQJQd
[object Object],Nerissa Henry,,,,,,[object Object],,YAtARbtkO35VjoW2CzAa
[object Object],Tania Batucan,,,,,,[object Object],,csQrXb6ozxn3JhJUhywF
[object Object],Simon Hema,,,,,,[object Object],,gKDUswZCwLomPoHgElIk
[object Object],Michael Pepper,,,,,,[object Object],,lHzRVuUh0FRjKBZfXOWc
[object Object],Maria Meredith,,,,,,[object Object],,tTacsqY06mA5hvf3FALu
[object Object],Tabetha Elliott,,,,,,[object Object],,u3jbSDebA8ORnOfnq1Zr
[object Object],Maungakiekie,true,,,,,[object Object],,zzzzzzzzzzzzzzzzzzzy
[object Object],Christopher Carroll,,,,,,[object Object],,BR12wy5G6iYyIcNofcCj
[object Object],Stuart Lithgow,,,,,,[object Object],,G7tPK1VTLLndSLuaZXqb
[object Object],Chhaya Rana,,,,,,[object Object],,ILIOPqAq6Uzi2aEwtEsb
[object Object],Dianna Fuka,,,,,,[object Object],,M9RfSMryAVHWikRZl9Gn
[object Object],Danika Revell,,,,,,[object Object],,OorXbQoDAScSpmpEJaRh
[object Object],Tony Woodcock,,,,,,[object Object],,SR1O6Y3KkGOvfJgBipPg
[object Object],Don Allan,,,,,,[object Object],,ZvfpyLqhWFo7KOuSenzU
[object Object],Debbie Burrows,,,,,,[object Object],,cIXEwyUgNtAdYQ8H1fxM
[object Object],Puketāpapa,true,,,,,[object Object],,zzzzzzzzzzzzzzzzzzzx
[object Object],Puketāpapa,true,,,,,[object Object],,zzzzzzzzzzzzzzzzzzzy
[object Object],Jon Turner,,,,,,[object Object],,2rPFvaeA6ucz67Feii2P
[object Object],Neil Punja,,,,,,[object Object],,3QJnaZ48GEHG0Yd6s3Mq
[object Object],Mark Pervan,,,,,,[object Object],,4SHrsDwVe7vZITIwGHmd
[object Object],Mohamed Soliman,,,,,,[object Object],,AdxrJHLNj7wyttETth80
[object Object],Pamela Mills,,,,,,[object Object],,FtiqmwlAYHPs3gCacd6R
[object Object],Roseanne Hay,,,,,,[object Object],,JPmjrw8NNmAno2BPxVka
[object Object],Bobby Shen,,,,,,[object Object],,KIkx3WWuV42JF2d1WIVv
[object Object],Tili Leilua,,,,,,[object Object],,Tybwq9Zcg5tSIjNZ0jzr
[object Object],Rachael Mario,,,,,,[object Object],,W4TalEAWklE6e42EOPPp
[object Object],Fiona Lai,,,,,,[object Object],,ZewLFD3QFaUPyfUmmNYi
[object Object],Anoushka Maharaj,,,,,,[object Object],,hWe3AGudmH8HLcle2kAr
[object Object],Ella Kumar,,,,,,[object Object],,jjIWGGxPjmQdkJDZgMFw
[object Object],Abdul Mohamud,,,,,,[object Object],,knSfqdXZkoakXJyd86L4
[object Object],John Leach,,,,,,[object Object],,nUpp1ioOVHksOpmsU2Sd
[object Object],Waitematā,true,,,,,[object Object],,zzzzzzzzzzzzzzzzzzzy
[object Object],Waitematā,true,,,,,[object Object],,zzzzzzzzzzzzzzzzzzzy
[object Object],Shayne La Rosa,,,,,,[object Object],,29uH5eY3gO5pcqvkzXvC
[object Object],Antony Phillips,,,,,,[object Object],,3EcBnZMQZnr4SHX4b3VK
[object Object],Anahera Rawiri,,,,,,[object Object],,7LjjwYrSf3rOnXEPFxXU
[object Object],Pete Marshall,,,,,,[object Object],,AoMIDwypkxzo9dTdAX1i
[object Object],Grant William Mountjoy,,,,,,[object Object],,C9GZX8cecbUG8StpX6R8
[object Object],Sarah Trotman,,,,,,[object Object],,Ed9F6k2t6EKaDheLxoAC
[object Object],Glenda Fryer,,,,,,[object Object],,UFQteDOBX0cjezJ9ju4G
[object Object],Mike Burton,,,,,,[object Object],,VWwg4RAF9DgMqcuthYNY
[object Object],Rosemary Peppermint,,,,,,[object Object],,WOUurEkw9u2f9mx1rMZp
[object Object],Michael Kanara,,,,,,[object Object],,X97BHgrxVpyjm0pgu3Lj
[object Object],Greg Moyle,,,,,,[object Object],,f0Jl55WqtjbZ351n7p0T
[object Object],Richard Northey,,,,,,[object Object],,f4T1Qc9yU3KHyn01CJaM
[object Object],Chris Severne,,,,,,[object Object],,fZrRsk4tHW6HQh7XKQ4h
[object Object],Andi Liu,,,,,,[object Object],,fjF5k9SHGhLWSdw5Kcmx
[object Object],Stephen May,,,,,,[object Object],,jEbDyUgfymE8EbrwOAJx
[object Object],Genevieve Sage,,,,,,[object Object],,mQRE01rB6xfcTWY7eTQf
[object Object],Alexandra Bonham,,,,,,[object Object],,nNGNA9qppdfOhmCClfrW
[object Object],Len Ward,,,,,,[object Object],,rNxtG3kGvsZnikgjmW0H
[object Object],Allan Matson,,,,,,[object Object],,rVHmgxFTkjqSf00ijP9u
[object Object],Gael Baldock,,,,,,[object Object],,ytEDPog1nSGvezsIrXS0
[object Object],Julie Fairey,,,,,,[object Object],,RlnxXfH7NRr5J9F8zPby
[object Object],Frank Fu,,,,,,[object Object],,RoZWRnzNy7gaAuRky7ly
[object Object],Red Tsounga,,,,,,[object Object],,eusyIpyFtr8E3xmMwpF6
[object Object],Will Mckenzie,,,,,,[object Object],,h2pWKVLJIxn8ZpyI01Sm
[object Object],Christine Fletcher,,,,,,[object Object],,lGEsKrrwxR4af28vEKlp
[object Object],Stewart Brown,,,,,,[object Object],,wrIctMY4BW1Ol7Zt2x8G
[object Object],Albany,true,,,,,[object Object],,zzzzzzzzzzzzzzzzzzzy
[object Object],Hibiscus and Bays,true,,,,,[object Object],,zzzzzzzzzzzzzzzzzzzx
[object Object],East Coast Bays,true,,,,,[object Object],,zzzzzzzzzzzzzzzzzzzx
[object Object],Gregg Walden,,,,,,[object Object],,0ysfPaOR4YHK3NdlHPk9
[object Object],Nathan Pont,,,,,,[object Object],,8jy8g4F195PaziDqVvV6
[object Object],Toby Malcolm,,,,,,[object Object],,FA3BN3j4r5xt2TRGoNEA
[object Object],Victoria Short,,,,,,[object Object],,ObJZTrSpUjarTQqP9HoR
[object Object],Greg Wyatt,,,,,,[object Object],,R7FOPwR0KHKYWbrj8n5z
[object Object],Julia Grace Parfitt,,,,,,[object Object],,XgEicO85p8oBxWTVgWGT
[object Object],Frank Sun,,,,,,[object Object],,fxMnnPTKxM1NeBwmm8JT
[object Object],Stephen Piner,,,,,,[object Object],,pYye7qqaO9xV10WNlppE
[object Object],Paul Magill,,,,,,[object Object],,w1uHeXjSY66tPwqdl9de
[object Object],Alexis Poppelbaum,,,,,,[object Object],,xTYsCoQumwPnsB0WVl96
[object Object],Hibiscus Coast,true,,,,,[object Object],,zzzzzzzzzzzzzzzzzzzy
[object Object],Lia Shelford-Toopi,,,,,,[object Object],,3u7Yxj7ynceJAxZQgd1F
[object Object],John Davies,,,,,,[object Object],,5YYkxnObVTkle6VV0odi
[object Object],Jake Law,,,,,,[object Object],,90Vb1n8eCczaoLPXzSMd
[object Object],Ed Amon,,,,,,[object Object],,AJe7ZG8Sv5iBoNAfTEt6
[object Object],Nancy Alison Stride,,,,,,[object Object],,H2JokMQcploTTtpHarzi
[object Object],Andy Dunn,,,,,,[object Object],,JAPDwYgeyUKDLCasg5UF
[object Object],Leanne Willis,,,,,,[object Object],,KMSvlAUh3aeMVCF3WT8n
[object Object],Donna Patterson,,,,,,[object Object],,UflGWKmGucwFJXOHaV5T
[object Object],Wayne Mccormick,,,,,,[object Object],,VnQlWU4hgVzXMT7M2YC1
[object Object],Gary Brown,,,,,,[object Object],,gwLhQ1V87KkXl91mJQaU
[object Object],Sam Mills,,,,,,[object Object],,hicrHn6gFsbesGk5AYNd
[object Object],Sion Stavrovski,,,,,,[object Object],,jpl8M4xjZLvSGkrbx8m5
[object Object],Trish Nathan,,,,,,[object Object],,rELNhVLAJxWskdXC1KVZ
[object Object],Kereama Nathan,,,,,,[object Object],,uu3kvn5dMd8rfVPcmceO
[object Object],Nicholas Mitchell,,,,,,[object Object],,wKzPP5Pc8DtIZPi6BC98
[object Object],Upper Harbour,true,,,,,[object Object],,zzzzzzzzzzzzzzzzzzzy
[object Object],Upper Harbour,true,,,,,[object Object],,zzzzzzzzzzzzzzzzzzzy
[object Object],Alezix Heneti,,,,,,[object Object],,1kH11QCtqBaTo5XpqIum
[object Object],Amar Trivedi,,,,,,[object Object],,4IuRiQCag694ffO5lx4b
[object Object],Uzra Casuri Balouch,,,,,,[object Object],,6Al2cGqs01m7L4MH9Jqe
[object Object],Anna Anderson,,,,,,[object Object],,DCQ3cGb3nhCRJcSOC2WI
[object Object],Lydia Lin,,,,,,[object Object],,Dje0z6HGUCfnSO7GooH2
[object Object],John Mclean,,,,,,[object Object],,HbhZPNy3Du6s8czxR5VA
[object Object],David Cooke,,,,,,[object Object],,I1GWKJsAyblWvdyBGEIL
[object Object],Cherie Carbines,,,,,,[object Object],,K6yqouUlbi1abG0kut6z
[object Object],Anna Atkinson,,,,,,[object Object],,LKioESDZ3VDhqTUb09IA
[object Object],John Loau,,,,,,[object Object],,PQBBtqs00zPCSfGZ7Gul
[object Object],Callum Blair,,,,,,[object Object],,aqArsExlhztGmzTqmCH8
[object Object],Sylvia Yang,,,,,,[object Object],,fnvImVcTMTnbPrArem9w
[object Object],Kyle Parker,,,,,,[object Object],,gw3DHNAE44CMYuk3V40p
[object Object],Nicholas Mayne,,,,,,[object Object],,p1oHgYVODG3WSyAnNB3u
[object Object],Christine Glover,,,,,,[object Object],,tEbNgD9GlGeDUy9KPKgv
[object Object],Robert Hong Hu,,,,,,[object Object],,xmvlcJhnMbTJVMfDPpqW
[object Object],Victoria Short,,,,,,[object Object],,7iQFEhNhzWYYdyoQO6jD
[object Object],Tony Corbett,,,,,,[object Object],,JCVsNxVcp3I0bB3mRiKQ
[object Object],Alezix Heneti,,,,,,[object Object],,JN7eT55otkNJ5WS0vKTh
[object Object],Jake Law,,,,,,[object Object],,NQTVC029L69Zs7cXoG5p
[object Object],John Davies,,,,,,[object Object],,QdUoHdZofjzTbhkKTurL
[object Object],Callum Blair,,,,,,[object Object],,fMNrdZGBeDHPJSDw5wcW
[object Object],John Watson,,,,,,[object Object],,sfZswRfTJvnxoYjtGdwD
[object Object],Sylvia Yang,,,,,,[object Object],,twDM0K0VPEkSgiShrvaW
[object Object],Wayne Walker,,,,,,[object Object],,yVOKUJH1CGII4lIQYFzV
[object Object], Halsey St Metro Countdown supermarket,,,,,,[object Object],,05Ldx4RVz778mx6D9BXV
[object Object],Albert Metro Countdown supermarket,,,,,,[object Object],,05Ldx4RVz778mx6D9BXW
[object Object],Downtown ferry terminal,,,,,,[object Object],,05Ldx4RVz778mx6D9BXX
[object Object],Britomart train station,,,,,,[object Object],,05Ldx4RVz778mx6D9BXY
[object Object],Auckland City Countdown supermarket,,,,,,[object Object],,05Ldx4RVz778mx6D9BXZ
[object Object],Auckland Metro Countdown supermarket,,,,,,[object Object],,05Ldx4RVz778mx6D9BXa
[object Object],Auckland House Corporate Office,,,,,,[object Object],,05Ldx4RVz778mx6D9BXb
[object Object],Te Wharau o Horotiu / Bledisloe House,,,,,,[object Object],,05Ldx4RVz778mx6D9BXd
[object Object],Central City Library,,,,,,[object Object],,05Ldx4RVz778mx6D9BXe
[object Object],Little Leys Library,,,,,,[object Object],,05Ldx4RVz778mx6D9BXf
[object Object],Grey Lynn Countdown supermarket,,,,,,[object Object],,05Ldx4RVz778mx6D9BXg
[object Object],Ponsonby Countdown supermarket,,,,,,[object Object],,05Ldx4RVz778mx6D9BXh
[object Object],Grey Lynn Library,,,,,,[object Object],,05Ldx4RVz778mx6D9BXi
[object Object], Pt Chevalier Library,,,,,,[object Object],,05Ldx4RVz778mx6D9BXj
[object Object],Pt Chevalier Countdown supermarket,,,,,,[object Object],,05Ldx4RVz778mx6D9BXk
[object Object],Mt Albert Library,,,,,,[object Object],,05Ldx4RVz778mx6D9BXl
[object Object],St Lukes Countdown supermarket,,,,,,[object Object],,05Ldx4RVz778mx6D9BXm
[object Object],Mt Eden Countdown supermarket,,,,,,[object Object],,05Ldx4RVz778mx6D9BXn
[object Object],Epsom Library,,,,,,[object Object],,05Ldx4RVz778mx6D9BXo
[object Object], Newmarket Countdown supermarket,,,,,,[object Object],,05Ldx4RVz778mx6D9BXp
[object Object], Newmarket train station,,,,,,[object Object],,05Ldx4RVz778mx6D9BXq
[object Object],Parnell Library,,,,,,[object Object],,05Ldx4RVz778mx6D9BXr
[object Object], Mt Roskill Countdown supermarket,,,,,,[object Object],,05Ldx4RVz778mx6D9BXs
[object Object], Lynfield Countdown supermarket,,,,,,[object Object],,05Ldx4RVz778mx6D9BXt
[object Object],Mt Roskill Library,,,,,,[object Object],,05Ldx4RVz778mx6D9BXu
[object Object], Onehunga Countdown supermarket,,,,,,[object Object],,05Ldx4RVz778mx6D9BXv
[object Object], Onehunga Library,,,,,,[object Object],,05Ldx4RVz778mx6D9BXw
[object Object],Greenlane Countdown supermarket,,,,,,[object Object],,05Ldx4RVz778mx6D9BXx
[object Object],Remuera Library,,,,,,[object Object],,05Ldx4RVz778mx6D9BXy
[object Object],Mt Wellington Countdown supermarket,,,,,,[object Object],,05Ldx4RVz778mx6D9BXz
[object Object],Panmure Library,,,,,,[object Object],,05Ldx4RVz778mx6D9BY0
[object Object], Panmure Station,,,,,,[object Object],,05Ldx4RVz778mx6D9BY1
[object Object],Meadowbank Countdown supermarket,,,,,,[object Object],,05Ldx4RVz778mx6D9BY2
[object Object], St Johns Countdown supermarket,,,,,,[object Object],,05Ldx4RVz778mx6D9BY3
[object Object],Glen Innes Library,,,,,,[object Object],,05Ldx4RVz778mx6D9BY4
[object Object],St. Heliers Library,,,,,,[object Object],,05Ldx4RVz778mx6D9BY5
[object Object], Pakuranga Countdown supermarket,,,,,,[object Object],,05Ldx4RVz778mx6D9BY6
[object Object],Pakuranga Library,,,,,,[object Object],,05Ldx4RVz778mx6D9BY7
[object Object],Highland Park Library,,,,,,[object Object],,05Ldx4RVz778mx6D9BY8
[object Object],Manukau Countdown supermarket,,,,,,[object Object],,05Ldx4RVz778mx6D9BY9
[object Object],Mangere Town Library,,,,,,[object Object],,0gPMchiMjehdECtLTv0C
[object Object],Orewa Service Centre,,,,,,[object Object],,0kRUC2vq8gvYZs3xUv9H
[object Object],Takapuna Library,,,,,,[object Object],,16ufG9KimqoC5cdNp48l
[object Object],Tupu Youth Library,,,,,,[object Object],,3retfEL2wWGf2qtZTmSg
[object Object],Devonport Library,,,,,,[object Object],,4FzZRWxfX347XVz4esGL
[object Object],Papakura Countdown supermarket,,,,,,[object Object],,4jmCIKvsZHBAhQYqD1WY
[object Object],Howick Countdown supermarket,,,,,,[object Object],,6vwHU4NCi0wkr4X3i5gV
[object Object],Lynnmall Countdown supermarket,,,,,,[object Object],,7MoQgDfqcPvGgSES8rCg
[object Object],Howick Library,,,,,,[object Object],,88J9B7U1GRCdmlojIWUA
[object Object],Waiuku Library,,,,,,[object Object],,8EhIeZAIJyb78YyBHVQD
[object Object],Pukekohe Countdown supermarket,,,,,,[object Object],,8Kr66yhsXearJGTGMTLt
[object Object],Titirangi Library,,,,,,[object Object],,8hsVaAZmuFZxiMl4stKB
[object Object],East Coast Bays Library,,,,,,[object Object],,8xRczD9tZYS7U0Ks7db6
[object Object],Albany Library,,,,,,[object Object],,9UbnRyhYYUwI0njNEhAT
[object Object],Westgate Countdown supermarket,,,,,,[object Object],,9fKUEb4i6DEqa5mwinDt
[object Object],Glenfield Library,,,,,,[object Object],,BC2YIf3dTH5UXS5vvqm4
[object Object],Mangere East Countdown supermarket,,,,,,[object Object],,BInazAEz1PVK576COk6v
[object Object],Henderson Library,,,,,,[object Object],,BLIDSl9s3xfOfcVPP4mG
[object Object],Kumeu Library,,,,,,[object Object],,BiQA1BvnmS6s7mtAc9ov
[object Object],Northcote Library,,,,,,[object Object],,EytCL6nuzOqRNUfy3lYx
[object Object],Blockhouse Bay Library,,,,,,[object Object],,GXmUImQVpMj2nWhQh8kr
[object Object],Sunnynook Countdown supermarket,,,,,,[object Object],,HEQU7e0i2vJC4NAYn8pe
[object Object],Otahuhu Train Station,,,,,,[object Object],,HSRCHYviey6Jv8QbVnfS
[object Object],Mangere East Library,,,,,,[object Object],,Hk1IhcrryYziOqItn7o9
[object Object],Manukau Library,,,,,,[object Object],,ITJmoIbw7WNTzj8hiplO
[object Object],New Lynn train station,,,,,,[object Object],,Iy8VNsnplIt7bWdL90t6
[object Object],Milford Countdown supermarket,,,,,,[object Object],,JfZJgurgIKPd5P9aLzxT
[object Object],Manukau Bus Station,,,,,,[object Object],,K9kY0isi0AKFUaB38kYi
[object Object],Te Atatu Sth Countdown supermarket,,,,,,[object Object],,M0RXewwEzPolSxcyFBD5
[object Object],Henderson Service Centre,,,,,,[object Object],,M2c6HZmilhd8OnZk1tWa
[object Object],Blockhouse Bay Countdown supermarket,,,,,,[object Object],,MG4novV4qTM1iH8kZWay
[object Object],New Lynn Library,,,,,,[object Object],,MLG79rINfxJkzwwAscLL
[object Object],Ranui Library,,,,,,[object Object],,MvkhzRUzcmis0VS2EfOO
[object Object],Orewa Countdown supermarket,,,,,,[object Object],,NP8iPUEKfwE4JsZshPIn
[object Object],Greville Road Countdown supermarket,,,,,,[object Object],,Nu5ZSYvEM7cNzpw49ItZ
[object Object],Birkenhead Library,,,,,,[object Object],,Nup4oaPQXwFdfvZmqqDD
[object Object],Te Manawa Library,,,,,,[object Object],,OVZqTTlUQ23mk9EXBMkx
[object Object],Pukekohe Library and Service Centre,,,,,,[object Object],,OgB03pajhNtXjmuTIG1N
[object Object],Manurewa Countdown supermarket,,,,,,[object Object],,OgnHSLuzhKsntG2Kcc24
[object Object],Hobsonville Countdown supermarket,,,,,,[object Object],,PgtDXyTOYsIiji1pHVJT
[object Object],Mahurangi East Library,,,,,,[object Object],,QNvNrBolZRBpNTviiANc
[object Object],Avondale Library,,,,,,[object Object],,SWmsjpgTN6SXfAXdVkMO
[object Object],Te Matariki Clendon Library,,,,,,[object Object],,UTd08qL76c48zlxhl2XP
[object Object],Mangere Mall Countdown supermarket,,,,,,[object Object],,V5T2htGZHdei31aho5iv
[object Object],Mangere Bridge Library,,,,,,[object Object],,VZcLDAVZhcve0jR7OPJ6
[object Object],Puhinui train Station,,,,,,[object Object],,Vkyd0Liku35RbPl5LNP3
[object Object],Warkworth Library,,,,,,[object Object],,W8EdMvC6b1IayagZ135F
[object Object],Henderson Countdown supermarket,,,,,,[object Object],,WW85OdLdchi8zbbbHUCg
[object Object],Northwest Countdown supermarket,,,,,,[object Object],,X0JMbmwbGh3wLrsG7Bed
[object Object],Manurewa Library,,,,,,[object Object],,X7fZJrnGtJqPjwhO6niQ
[object Object],Helensville Library,,,,,,[object Object],,X87a9AOg0nplJnEX3r5V
[object Object],Manukau train station,,,,,,[object Object],,XfhCqANqrx7juga3t4nV
[object Object],Pokeno Countdown supermarket,,,,,,[object Object],,XqyxeG4KoLkyE0P7jC4p
[object Object],Orewa Library,,,,,,[object Object],,Z2W85QwfmUygt0VXe3M0
[object Object],Botany Countdown supermarket,,,,,,[object Object],,ZcqhD0ixaUMB36VOn4WF
[object Object],Browns Bay Countdown supermarket,,,,,,[object Object],,a9883SVFVX0xg2YHdNPP
[object Object],Whangaparaoa Countdown supermarket,,,,,,[object Object],,ahY51jnG0jMK8bnRUZJm
[object Object],Papatoetoe Countdown supermarket,,,,,,[object Object],,c1myobJWWeptZwEtwi8J
[object Object],Papatoetoe Library,,,,,,[object Object],,ccXrtVRWcbiwbNQcYDqa
[object Object],Devonport Wharf,,,,,,[object Object],,cxw1kgvagQMYJvyljGu2
[object Object],Electoral Office / Election Services,,,,,,[object Object],,d3NUoYIKQEupdgN0IEYS
[object Object],Manukau City Mall Countdown supermarket,,,,,,[object Object],,d43cit9EImZJ8bkgqfoC
[object Object],Kelston Countdown supermarket,,,,,,[object Object],,faPMUUuqaTAfOrhVnsAn
[object Object],Botany Library,,,,,,[object Object],,fg52DzsT0UvCH4bCK4qw
[object Object],Te Atatu Peninsula Library,,,,,,[object Object],,fgZMhD6aHgcRC47kWrQ1
[object Object],Glen Eden Library,,,,,,[object Object],,h39J1ODTPw0Y3QfVFd5u
[object Object],Waiheke Library,,,,,,[object Object],,hKVL0JeG7zY7TtXPzS1Z
[object Object],Waiheke Island Countdown supermarket,,,,,,[object Object],,iFKcb6L5MWZ8n2VAXQZV
[object Object],Northcote Countdown supermarket,,,,,,[object Object],,iWDAB1CQBqDqthXxw9Od
[object Object],Takapuna Countdown supermarket,,,,,,[object Object],,j4nRopEOM4UsdTA3otml
[object Object],Mairangi Bay Countdown supermarket,,,,,,[object Object],,jLHMhoTPoGd1OIEOMwVA
[object Object],Takanini Countdown supermarket,,,,,,[object Object],,jiP0AAde373iS81s0tMX
[object Object],Hauraki Corner Countdown supermarket,,,,,,[object Object],,krrpBFEL3ot4YUAJbN4O
[object Object],Takaanini Library,,,,,,[object Object],,mcWtwGB6fELuWi1pjBq8
[object Object],Manukau Service Centre,,,,,,[object Object],,mdwtcq255uQawWp3ApWQ
[object Object],Wellsford Library,,,,,,[object Object],,nUafMvGnszf9crRV6aLV
[object Object],Great Barrier Island Service Centre and Library,,,,,,[object Object],,nUf2oNXjTna6WnPmTJKo
[object Object],Waiheke Ferry Terminal,,,,,,[object Object],,orEYqIhaPRcOi5JXMEzE
[object Object],Waiheke Island Service Centre,,,,,,[object Object],,pjP2fQAqskZp7vxiw3uM
[object Object],Roselands Countdown supermarket,,,,,,[object Object],,pznLE1pdOm4YgzfSDhvT
[object Object],Whangaparaoa Library,,,,,,[object Object],,qkY9SLBE50z6FBBkho3Q
[object Object],Te Atatu Countdown supermarket,,,,,,[object Object],,r1IDLPy2wSaAukFyRdz4
[object Object],Auckland Airport Countdown supermarket,,,,,,[object Object],,sP7eTjR9sKkW9d0TSGkY
[object Object],Warkworth Countdown supermarket,,,,,,[object Object],,sWVis4vi4NHwsopUo480
[object Object],Glenfield Countdown supermarket,,,,,,[object Object],,tOgmr44g3WYbGNmKMACF
[object Object],Otara Library,,,,,,[object Object],,uDnhZ0erb9x0C8XV1Tts
[object Object],Silverdale Countdown supermarket,,,,,,[object Object],,uOxMYRUHcpiU5NTqYLes
[object Object],Papakura Library,,,,,,[object Object],,w4hUWhqaL8rBD4Re0ThJ
[object Object],Helensville Countdown supermarket,,,,,,[object Object],,wGUKJLOm0vY9OUXZSpkj
[object Object],Lincoln Road Countdown supermarket,,,,,,[object Object],,wPknG0JNPmBMYM6eTKaa
[object Object],Meadowlands Countdown supermarket,,,,,,[object Object],,wuL5nkHR0ecg5clGY65X
[object Object],Waiata Shores Countdown supermarket,,,,,,[object Object],,xGVfJ2Q4xNautmHAqlpW
[object Object],Pukekohe South Countdown supermarket,,,,,,[object Object],,xYbrgTJIB0D6OBCgZ6nH
[object Object],Viv Beck,,,,,,[object Object],,0BGG1w4NZgVoInztPCwi
[object Object],Robert Hong Hu,,,,,,[object Object],,2xIj3aRkGMAVBdbz2mSu
[object Object],Ryan Earl Pausina,,,,,,[object Object],,5VXP7I7lUZzINXYtqCWe
[object Object],Ted Johnston,,,,,,[object Object],,BFzA6CZwpbxANg0x3hQW
[object Object],Pete Mazany,,,,,,[object Object],,Bb0JJie7IUutLfHGbYul
[object Object],Dani Riekwel,,,,,,[object Object],,BwZuuyIoPeKtOMp7ioom
[object Object],Tricia Cheel,,,,,,[object Object],,GpuHed4QWe9dLvJZ3Ir5
[object Object],Phil O'Connor,,,,,,[object Object],,NUpiHvKmOnSJjcyopJDx
[object Object],Wayne Brown,,,,,,[object Object],,OD8dm6tajFUbzEwNUBdH
[object Object],Gary Brown,,,,,,[object Object],,PVSO3TbffTtjAPo9nJAs
[object Object],John Lehmann,,,,,,[object Object],,Q82tRAlRfpJ1bnr339X0
[object Object],John Palino,,,,,,[object Object],,Tm2kLMURmYs0TiWLzj6t
[object Object],Michael Morris,,,,,,[object Object],,YTUUQGST1tHG3wEx98vu
[object Object],James Malcolm Dunphy,,,,,,[object Object],,YTrNhjthL9oqHscL67Ea
[object Object],Efeso Collins,,,,,,[object Object],,blubagwrONrq3AXW1xzH
[object Object],Michael Kampkes,,,,,,[object Object],,e5MwhLc4946UusFA96Oo
[object Object],Lisa Lewis,,,,,,[object Object],,iK7n0gBZpL4mXCGLHTYx
[object Object],Tony Corbett,,,,,,[object Object],,q1fzE6pOMjgUZPwUSTsf
[object Object],Michael Coote,,,,,,[object Object],,qlrik6UNRJzAsHqhKEyw
[object Object],David John Feist,,,,,,[object Object],,sEXcH1hKtBQxiYhRdvBu
[object Object],Craig Lord,,,,,,[object Object],,ubbLrIZGT2ApPu2DB1Nx
[object Object],Alezix Heneti,,,,,,[object Object],,wsqa9TwIdsF72smLlkAD
[object Object],John Alcock,,,,,,[object Object],,xtlZ2q34qYyVapfXcqYs
